Address,FLAG
0x49c2b0b29edfabee21311e7cff3a0c67da9f035e,1
0x93dc6a333a99c0ede1cd346ccf079ea8451013db,0
0xc3e419177044c9172823f06335d5d82aaf38a5c6,0
0xd43cf9ea0f110c989e6c02810e123ac19d809067,0
0x8f5e2dea54333af9788e9117dddbcbe6bae445f1,0
0xed69ac1cab88cc82ff417131bdc69d93427107b4,0
0x88c4b17734cde1df139fc8f89746b261e78c9172,0
0x34a0216c5057bc18e5d34d4405284564efd759b2,0
0x8d305fd29aebd6e0562de9321d55e7f0e6fbacad,1
0x46ffcdc6d8e6ed69f124d944bbfe0ac74f8fcf7f,0
0x113acf282eeb4d71bec61ad83e934bf75bf8253f,1
0x49358a824c66b64a2f0c8bb3c99dd73586afab16,1
0x918bd2006a751bac8f477a76c8e623f0ee61259b,1
0x0d47d4aea9da60953fd4ae5c47d2165977c7fbea,0
0x56b4f8c39e07d4d5d91692acf9d0f6d4d3493763,0
0x2140ecdc45c89ca112523637824513bae72c8671,0
0x5a9c403ab5750f6d3cf5fe9d6f62377cc4b6fdc3,0
0xf805f3432f4569d6049c60036845959c8e398b15,1
0xff1bafaa5be1b39bcbc1f2c7c3c368421d677b77,0
0x6272e1f61ff349417812b2551c706714c26eb83a,0
0x79b4d12fa63a8d1202b26c5ba6d62136a4a09dda,0
0xebfed9e4ae035b0f7ae982d1a7abfe0aa26a0341,1
0x48599941665827f9ea5a16c3d7417a43a1ce5df4,0
0x581cc257051a34972641d008c3915a75771be274,1
0x5f62b254de3f177263e7e8ea6a613a62fd749067,0
0x0644a6111d472bdfcf4f12e0089ebb3f69d6bda7,0
0x1a7d50b73acf1d2b4073ca5f94890a3c05c01401,0
0xa379bbdd0af814502eb9b38d475c7fa7411bb4ec,1
0x2dcfaac11c9eebd8c6c42103fe9e2a6ad237af27,0
0xa864694cacdf27900afb3c32b1b07aea3c465dde,1
0x35db23f13fcb523d49a06e53092ccdf22f1fd70e,0
0xde09752be6d1a1be52c9220513e61b6af1b6ce38,0
0x0d255d76348d497790761e2f532fd1869cb74ee1,0
0x3db9f293b2e992f8c339a543561a615559c375dd,1
0xe4eabdca81e31d9acbc4af76b30f532b6ed7f3bf,0
0x3442bf71687874fbe7cb1bf3b166cc9345b46f17,0
0x0af09369369e09218bb14ca66774bdcf81ff61a5,0
0x203daffa152dafaf2a859029f729b364fc8540f8,1
0xa3875f233ecd13daaedd5c7cb25238e6b04b42af,0
0xfd9683e9f2c62e08b6bf68123e18e527efa8fbbc,0
0xc58575d957ac5cd69267049eee86be8807ff4343,0
0x2c29f5e1604a7c4811cf51c4b71115c6714f0a7a,0
0x99f93d05059f074e893ab369f71adb4569a3da12,1
0x6d3f69e1496c8139e246ffa2384214e3cc9fef6e,0
0xa6e7172662379f1f4c72108655869abdbb7f7672,0
0x3823a9a02f1c80f4ee24934fef8a85b759a9bafe,0
0xaa652d53909b01c5a6b8e7cd814f9adea18c08f7,0
0xb6eddaf272d7f929b4f7a7102171309c984afc8c,0
0x7d9a27dbba3619c1d8b42f22fdf28edb85bf744c,0
0x0ca119f38229a308cb05e6372e2af100dfb91ff2,0
0x52b4f84d785317039868acf2600b47c64d8f96f7,0
0x303f41f4e6a1e1fc9cc2738c722b73b3d9fe54cb,1
0xe506fbb1d6b416bee6cc8df34e2b9beadc33e393,0
0x47400012116bb3015e3f2e1b799ccaad2ac77757,0
0x206e75e5521b59192ade47f435da6a09e7a4684b,0
0x743f577230cb0f914f37ef62cbbe015cde6dbb10,1
0xd12d8f8dfa54f1578b2177f99b2e282367b66b13,1
0x5a907e5b94987c46e2fd51b01a7dd651248367a0,1
0x40f941e48a552bf496b154af6bf55725f18d77c3,0
0x83fccc659eeeee98ca9764b7b34409347dfbc98b,1
0x7039d65e346fdeebbc72514d718c88699c74ba4b,0
0x235e0f293b4966943820fa7f6d80e0661b0f7513,0
0x90d46a9636b973f18186541d1b04ed3621a49cb0,0
0x95ed4e40723f22698f8ab6e7691725035c4b2831,0
0x44357ae7512fe99f55cb94a85f3e947b9143e76c,1
0x9105b48741fa672f16b802b1765d6e7abfdbc926,0
0x0ef55f8c4aaa2a3cd1383b9366fe294333259bd8,0
0xe5caef4af8780e59df925470b050fb23c43ca68c,0
0x18e81898ac31a43850fb8d0224477349de6d8d9a,1
0x97a50dcb4104e6e9d62c3158b5a6925dc5f44624,0
0xf6b55acbbc49f4524aa48d19281a9a77c54de10f,0
0xe393ef6fa3bbfc7e72a05bfd12ce88be5c7e46f0,0
0x1dea82c5628ae89572a153a556312832ee33fda9,1
0x292f57c7fcd726ba651e46b620d99cc6afe0ec1c,1
0x45750cd6a3bb2206dbeb9cba5e68bf909ac945e3,1
0xd5930c307d7395ff807f2921f12c5eb82131a789,0
0x9b570346084ab19db55f31d892ba7dab8a98c3c2,0
0x8c159e3450526c96b32830a75ffa022c892ced2d,0
0xc373bff29e2caf22af2e3fc76cd4322b2359a15b,0
0x00bbd61f1f46bb2882e59af47b69dd7b501d5317,1
0x2ceee24f8d03fc25648c68c8e6569aa0512f6ac3,1
0xd510d55710f5963d3bf64c74491a886b4670b611,1
0x3a82d3111ab5faf39d847d46023d9090261a658f,0
0x57225b4b6a097bded9d6fc4e848173b7928224c0,0
0xbd4b60a138b3fce3584ea01f50c0908c18f9677a,0
0xe9390e80d1e9833710412c3a14f6f2f7888aaae1,0
0x488b7b5ed8ee6fa28c0cb3a0ee7351573070601d,0
0xf886a23d823b37ba338b4809d9ee1d94c1478089,0
0x8014ae6574cace1f2435a86d4ea0472f466786ae,1
0xbfde6246df72d3ca86419628cac46a9d2b60393c,0
0x267bb56749249cf7c9425e9ac6bf2d31cdc2e661,0
0x6667980fdbfddb2c8e0a1913187c63e4f77809da,0
0x45f783cce6b7ff23b2ab2d70e416cdb7d6055f51,0
0xbf952ed8472a47cc6b5119cde96565553c187c30,0
0xc593e92ed9fd3c2f9db972860047affd2df83ae7,1
0xc2221b777857f4a862a8c528d24b35cc995dd8b1,0
0xd7aa94f17d60be06414973a45ffa77efd6443f0f,0
0x98198d7ecc42a3e18d3fc52957db46930cf1d2e8,1
0x0a60f309a967b327f5d5a007cbd66fc786058395,0
0x336596de574b0964747e73dd80b660b1c17737fc,0
0x890275d5797963678bfff0944776c1646144830e,0
0x613b2e55d01abd97dd620fe0fe4f74ff7c409e20,0
0xbe9c928833fc329b1b175a71ab0b783d0d7f3b91,0
0x665f2d9e0ea20573255ecddb2d597bf94ef30784,0
0x959909764041a4cfedb372c9d66bc16dcfd3f80b,0
0x90f75ca026add95ae15ecbf48efc77ed272945be,1
0xe0805fee7fa1e2334072378d2d5c1c5986058d5a,0
0x050bf7533993706847a3a34673236e312315bb86,0
0xefef14c36c1f2de2ca3772ba9539b6a58cfd562c,1
0x25dab234f1a0368656846412fa0c33a978315c07,0
0xcf36b9236775c31600af79334be2cd8dedf1cf42,0
0xf2effc1cd320ff062bae8649d150dbea3cb6b189,1
0xbdb8b73aea0c43118ce8834c91d50ae8bbd5ed32,1
0x2cf618c19041d9db330d8222b860a624021f30fb,0
0xb15882a04e840946cb12b41bd070dfe7b1486f93,1
0x2c3cc0f8dede2eccae43380ecf29b61fa6d10dca,1
0x4ab5a8ee12e3d1b11a9541add1dd96c46f60da05,0
0x4e88419be4e8643d98b15f8b6cf9cf3f6ef1fbfd,1
0xd15db6e8203fb3f9ce70714b306a1a2b03ebfe45,0
0xea7e05cb00b2430b486a2b866d4bb8adcf0eba64,1
0x80e4f014c98320eab524ae16b0aaf1603f4dc01d,1
0x8cb0ded2db088affec4528eef46f4f96fecb05ea,0
0x1982b0e96a0375e5b570e8e466d423a37af34b43,1
0x9accb8fe0d9df53ce0040bc78d1294e1f55dcc88,0
0x14198b67f75b6317f7a0a819168e70992c6a48c4,0
0x2b7b004310d291c53011d2ee2977b878eafb6f97,0
0x69bbf9a44b46083dad05d070422aaeafaca3204c,1
0x10f6f2b97f3ab29583d9d38babf2994df7220c21,1
0xa169eda086b1c84b9c7c83cfc4bbf03604b9ea02,0
0x31274db8b609df99e5988ee527071643b5160fc3,0
0x5a2a454675c1b659caa58b5675ee759b992b84b1,0
0x9367863796a1f0992a8c256fe83ef8bcd307c199,0
0x29c8348a98206056a0ac08b681a5acdaa06c9084,0
0xf2570186500a46986f3139f65afedc2afe4f445d,0
0x7fe92ec600f15cd25253b421bc151c51b0276b7d,0
0xf77ac34cd0ed42f2b5d8cfcf4fa0f4bb1b80b9d8,1
0xfb6a26c1a38369d0acf5dd90c60bcbffedf29e0d,0
0xb0a0a070640b450eb136dc377208469ee4f49fbc,0
0x5e3467a76c4781de6c4a6a6281f0dd50118aef25,0
0x1ff3f56609d0771abb49566600febade0e708beb,1
0x9ef05f7f6deb616fd37ac3c959a2ddd25a54e4f5,0
0xe0ae7e421fd9f68382b112cf8be74033534cd58e,0
0x729bdca7a4deb377544d4eb4e7acab7919db498f,0
0xd59a6b2dbec8bb0e2b84f4c1bfaaed72c1f19ff0,0
0x9beb086842a6c61ad929995f7060e3ee2c4a94ce,1
0xcc320aa1fe572798a1f900cfa0df6524b04c9624,1
0xb8f4db5a2480c60b22c2e62954ddacc4a61fe0f3,0
0xf2eab3a2034d3f6b63734d2e08262040e3ff7b48,0
0x15847dcd428033c2cc2cb70edf2cbd6c84afc146,1
0xbcfaca45bb27c64f4c57722f4958d5fb4ac96281,0
0x0c8b740e3377f2be7a108aeba6a2f660588c728d,1
0xc7f44621ada14c58bd11c12d54bad613f35768a2,0
0x9aeeb96044d3eb81f1fac7f81e2a5cf89cf31ee6,1
0x59e0520c300657a8218e6c21a2a48682f9942b66,0
0x74148005e17094cd696b520c8f00a5b429cacc8c,1
0x4ab16cdc82a4ea4727ab40caee1bb46622c13641,1
0xc32088cf2e82426e29b5e623082f7793114f1259,0
0xac7811db4796613073856f98a22a89970319ee94,0
0x5927b72440d8a8b8c6ca5a8be60e88975f9063fc,1
0x788431a9fed9fae11871353cd6e92f3b724e7d63,1
0x2f28755a4f7d85fdd53185cc4c9e5fc182b8f8e0,1
0xde0fe653cf6194015dfbf132eaef832ae6193189,0
0x79344fadd5d7b67a9cdacc27bcee07371003d55f,0
0x093bc4c8918522f09b4c2a31cf9ab2556de694c8,0
0x82d5d02b0b80639066dd0bc601d18f4a7fd9dd4e,0
0xd3ddae456004ed85639a39a9751192e80a967ed4,1
0x41b54744d077a60104a9f3dfdd681ad2694eb5e4,0
0xf6942db401abfbaba0252c15c25fc3729d1a467b,0
0xf913f5a0c326c1650a5287ab03f9fc345e54e78d,0
0xef19f4e48830093ce5bc8b3ff7f903a0ae3e9fa1,0
0xaff0a98724f4cc765a7ae35cc9ea36bf531c936d,1
0x43e49c79172a1be3ebb4240da727c0da0fa5d233,1
0x33d19f9e3e3f083ec5c2425401cc53d96e79ac3a,0
0x3a35ddbb0e06241ee38bf78d90256eab5833483b,0
0x57d4e4ea0a207074d7e45fe60c939d2f4d3ed06b,1
0x7db95f8d8d80a75d768a2f8b0be392ff901d3fc8,1
0x8e1701e9509250d808eeca648feb1b8d7eed0704,1
0xda922e473796bc372d4a2cb95395ed17af8b309b,1
0xf9dc4422f9dedb279c125012fd5ba93a973e607e,1
0xa1da0e05114b5cd243ad7eb2b09baf90d7755edf,1
0x29cc635a3968beec56c6a3f5da1c033a18ee1571,1
0xbdba65bb45f2922b08f17a67d3bfcdb1a6e3267c,1
0xc3dc77d356e898841471f8b43e29a1e5fd4a0d29,0
0x0a313162fa66c21ea2641040e7e43933e6904880,0
0x0fface3faadd46fdbbc8ed9b8626168475d9c2a1,0
0x9758da9b4d001ed2d0df46d25069edf53750767a,1
0xb03f628ec2ead887917354ee328e356c2e18a4dc,0
0x20f7a3ddf244dc9299975b4da1c39f8d5d75f05a,0
0x0c658fa2eaa292e8dca085dab0e5cbd2da21c494,0
0x28cf9af3aca6aea0b802df31629ce1b7aa243dc2,1
0x165b6749812900538402cd540c55be68411f8ea0,1
0x6b5e9e55921e5e412cf1002599c05d4428cf50c5,1
0xbad3b88a486ad9db67f329017b83a7617921c562,0
0x1fe7a92013b295ff98da0954b7a08e603754a1bf,1
0x07faacbe52a8b5d3d22f49206bdd9d9c1f71991d,1
0xb131f4a55907b10d1f0a50d8ab8fa09ec342cd74,1
0xae1710e83211decb356f031a9346a24ef55055e0,0
0x116574a18659f0063150e0064e4ea00349a1492c,1
0x8e66ffe69b3f8d78f2a696e40c02f7454c0a01d9,1
0xeaaf270436a0ed397ed23bbf64df7b1dcaff142f,0
0xf0300337e920ae843040a71584f870ae719bf5ed,0
0x0bea4f7ee7dbd9cccfba4b2e7a178dfc1e877723,0
0x18aa7c90d3ae4c5bb219d0a2813f441704084625,0
0x9f07d178fe03b4cdc9b778ee8942b06c79bb7b8c,0
0xa750c7e6f86333e00a0520eae7f8489cf0c41b6e,0
0xc4f4be28e8cb75b7bf30808bc5523d22a9ac3665,1
0x7e96a18d7aeec64c9c99ed388ff3907d156030de,0
0xbef44157a4afbfcce76db29353b6c103a03ed803,1
0x4f3db6d4c97b8248ad5e244e4f619086084f6848,1
0x160e39149a9913c4ae334c4c657943afabc052bc,0
0xcabee6c73250495fc7da131ee93b819be294f6e0,0
0xa50d48bc3c704a00dba9c6448b5ddf1c962ee74d,0
0xbd13b6c3a59b77eaed86f3a0cef50a8efd06ab99,0
0x8d9621943caf6081d2745394a1d23da9a963f049,1
0x31e13882c45c1023d9b16c3794c1a780bb6cb88d,0
0xb45893bd77830bec7c305aded041bd74f0343bd1,0
0xeb4245c88c660ae4ee23c76954e5490ccd7bbd82,1
0x08466c5c68402178ac98b41b5ba6d2ed518b1c2c,0
0x27c3defefe0b978e0a3d1a393eca34b60e25e964,0
0x482cf6a9d6b23452c81d4d0f0f139c1414963f89,0
0x4cb10f4df4bf4f64d4797d00d468181ef731be9a,0
0x7f87eccb156eda91d74bb6546b4155f0ba0d04d1,0
0x974db013fa14c46a109013c5ffdde83836cc990c,0
0x0c7b8eedd028f3730e7b0f3dc032e916302f09b4,0
0x946048a75af11c300a274344887ec39452218b3d,0
0x9372b371196751dd2f603729ae8d8014bbeb07f6,1
0x24ddd6e7d5cdc29251caa00e46c7f3c738a78070,1
0x833882e76f4967b9b18f52d70640bfcc82aa91e9,0
0xce128ededa2c39d4cf569e38e7e5dd3c6a9f99e2,1
0xea7cbf19027087ba91ad110e95a5c2a532d35100,0
0xe9ee84b3b818b2af67c4536248fbfc5c7a0ccfad,1
0x4028807a0457d9e00e59e1195468048f88f20223,0
0x656b6dc75907faa899bc742aa1e5e15c6a90473e,0
0xd9553f0fda012224141aecc1eca0e29868ff7fe8,0
0x16e6ffca042066d3f56c5ea890dd67b2231ee061,0
0x62e13095b0026b226538ae3e557507af875a6e31,0
0xb2df6cc4524d1505a195f38dbe0280450fea5e2c,0
0x110101156e8f0743948b2a61afcf3994a8fb172e,0
0x06301057d77d54b6e14c7faffb11ffc7cab4eaa7,0
0x1670dfb52806de7789d5cf7d5c005cf7083f9a5d,0
0x9bcf5cf15d33e0cd44eb150f39182757233b68c9,0
0xc71d244f7ad6c869ecbf13cbd9acae31718be4f8,1
0x04129cff7d79a652256c73b1407f34828e79a4de,1
0xd0a2750731af7047ea2692d23fed61095cbf9336,1
0xe4c1c33ed635263c61bf61db751b8a74ee3af0e4,1
0x1f4ee7184e1944aff86fb5ee95e247d1ea05c721,0
0x9c6625dc8333b633c40a0c2f2a49379363763ba0,1
0xa0c1b6f1d8bc69bcffca759d59354c2cc4fb9db6,0
0x2daee1aa61d60a252dc80564499a69802853583a,0
0xc046a9418344ddee7a6da5e9a806b3155b635b8d,0
0x8f13a1d43408b6434dd10e161361386f3952d665,1
0x9f89388141c632c4c6f36d1060d5f50604ee3abc,0
0x54ff8a2d0a94d4652cfa0f91e1af092e718ffb1b,1
0xc566a81f193626ee88a85fb3dcc82279b96a094e,0
0x856912680349a406f72e26aa994100b8ad409f87,0
0x5c4b3f6c9b924bab648fa2bb979f74ee34d163c0,0
0x0abdace70d3790235af448c88547603b945604ea,0
0x4de2573e27e648607b50e1cfff921a33e4a34405,0
0x791d0463b8813b827807a36852e4778be01b704e,0
0x7211f65a7876433635601b9480e57f812a3665d8,0
0xe7d1529371b2e731945ec591ec1536f11ca5bf02,0
0xd29f0b5b3f50b07fe9a9511f7d86f4f4bac3f8c4,0
0x3610d80ef3e2ca614b940a43b8b3add4fd09a61b,1
0x6affa9d456cf25febd499fff8c4a0f39bd11b74a,0
0x36794518b3ef84c4b1a40af9540a03292f692c38,1
0x2d66427c0614b703efaa3da4efd97fe05de11bf3,0
0x4cd4a73aa35bc99ddcfc0175eba60e365f1e2c94,0
0xc7b0b41abdbd1fd4316a83eb9f8f09dfc11d817e,0
0x0b0d36a137b33cd0415162deb0753487b1796c9f,0
0x297ac8bc7540bc241f065fcc22c570b40170b573,0
0x4f8a351743cdf9293993d8a1dcde747253ebf8fb,0
0x407113f6b520f3ac72386cfb0eee9ed3930512c0,0
0xbcc6c0fef89b87a12773db7a9a8ecbccccdb7aff,1
0x4ffc58eb074aadda79ce84fac178d57d09d16532,0
0xde6135b63decc47d5a5d47834a7dd241fe61945a,1
0x03dc9b46243703fa1c1f95c2693212635f742204,0
0x8aa32161c71fbaa6f71b65615f3d58dba883ba6f,0
0xd72ebdf278c092d9cdaa12c58f8bd9438f96b83e,1
0x3b9dc0e353b7bc689893a87cd697f08e06feee81,1
0x4c854e15c2acbe3a505dc33eb6b72b8fc8a0ff00,0
0x8302d67bdc44dc0457e0c80312142dd353c9948d,0
0xf26c7cd79aa1ed2466e7e81a0e0541709ddd050b,0
0xf39f19565b8d937ec30f1db5bd42f558d1e312a6,0
0x7dd0c46b6f4c4260c165659ad4475a3720c942d3,0
0xaf6240821a0cbb6e4b65e9feeb4f79f737bbbd18,1
0xe096f9b8fd625244303f913783544d8f6858d681,0
0xae6e3c7160af3c1f524572e5b29c81e6ff061d90,1
0x4cbfe28190a882b3e1a8b42ee0afe7f29c522ed5,0
0x033671b4d777bd8eaf6d391d48422948504eb6a9,0
0x486cf19a550e2814aef970b14e509e93209a0151,0
0xcf1e4c2899ed260dcc68da9bbd986d8ea1c740d9,1
0x4668cd871eba35997e1fbe66d0eddf6612d018ce,1
0x44f12955189e3f01be5daf1dd9002ee4d774f42b,0
0x31b9eb2bb4bd06b56132282c82d0437d77d2339e,1
0xdf92c7d29b9782685c3a8c628fe22ec7f5e39878,0
0xf414bb46b0e94c4e40fcf809b3ac375fc8d9a326,0
0x88c7b1f41dde50effc25541a2e0769b887eb2ee7,0
0x0af22413307a8d42240d22cbca7236c91b49075c,0
0x150b0b96933b75ce27af8b92441f8fb683bf9739,0
0xcbc7e6dccfaaf6ed2e8346ceda633f77247eb84c,0
0xda7fa6e0b04c76683f54c973931862d7fe474a85,0
0x3f2b1dd5877cf9611497b6619d288e77e2d58ef3,1
0x0da2dafba09ff64d3ee93e0ed03df74f4236597e,0
0x509a38b7a1cc0dcd83aa9d06214663d9ec7c7f4a,0
0x9f1d916a456b96146e9f0dbbd0e107a1f389a061,1
0x5a84969bb663fb64f6d015dcf9f622aedc796750,0
0x88963cd0ce09d78def96aa4a4e41430b65c03c43,0
0xc933fd8422d518d0df9e31ad859de661c3e9f636,0
0x4dfa74ccc9e9d4acbfe18bb2349c786bd41c95ca,0
0xd759e3a9f425d64c00b20d756b6f7ad6053b99f5,0
0x52ff8b15ef6b38cf0554ba9207d70d0d2437c56a,0
0x9e8076079efab6da85aaccc6466992076b4cc212,0
0x339150b0851bc5b3c0323789a58cc4e4afb38b37,1
0xa19fcdad77c1f0fd184689aca88babcf68010347,0
0x07789984763e91f064826dbeba1c9a47cb2d4ea2,0
0x6eff949d9a4e7725d3ee3b894ceaa2813b7437e5,1
0xdea7ed3c4e3646aee31b1452f2948e2172beed49,0
0x2fa0ac498d01632f959d3c18e38f4390b005e200,1
0xfbf8e2727dc3d986069c19b13d41e34d3601a0b8,0
0x016474f84d04649a57d4ed6212418a19194f9c26,0
0x8abe0a9b8a1c8a003354e61f3ed8befdeb7d2cec,1
0xc340409453e47920037d6199012d7fb7a9d34e7d,0
0x2753dce37a7edb052a77832039bcc9aa49ad8b25,1
0xff7c3b7f4e4260097a33c9dcc291b9d1baf2edb5,1
0xe3091edb1ddecd82624c4ab7ac1ee386caafc59a,0
0x78c2a1e91b52bca4130b6ed9edd9fbcfd4671c37,0
0x84e06aa4008d1bbd2747783a06e1a58feef9d29a,0
0x3f00bb267775bc700ad2e8548f38db281309e869,0
0xdbb65fd1aa8e092c8d5dfa33864c9f3e20bfc0d3,0
0xdbb6b23520472c5070078cd3e7097b36b001fb57,1
0x00c0443f42932d9efe27e64409b21d2e48928d66,0
0x2699fc3753b1036534feb3be8704c9c5e3262606,0
0xc0c59cde851bfcbdddd3377ec10ea54a18efb937,0
0x2ce349291b8365f8d12c4cedf992969f680c726e,0
0x67ad530ecdfd7ac8289362914e88d018e8b3f3f0,1
0xd28c8ff18f811e5fcd9b5b07889a343da8fd6502,1
0xf9ae4f6b7bcebabc894430cd04382d256715775f,0
0x5b7093fe2491dfb058c94bcd62a1cd4d822f884c,0
0x1abdb309aa592f00a101c545168bfdf9a6ec61ce,0
0x70a63225bcadacc4430919f0c1a4f0f5fcffbaac,0
0xcf50193c27df08423bfe813676541b2268789332,1
0xa06b79b41bc24a83c350ff3f74c7beaf96574d71,0
0x74f9595874b595c7a5af9cf78ac051c2e7387173,0
0x435d4183ae0aeb1babc31bd25a815d6244fc3562,0
0x0513ce8013f27a47a0088ffaac94fbb0fe6309d8,1
0x95953fe7b13d3b60aee496b541cd6e157bcf3764,1
0x8aa688ab789d1848d131c65d98ceaa8875d97ef1,0
0x1c98eea5fe5e15d77feeabc0dfcfad32314fd481,1
0x9efeb636fbe07f1fc7237ebad8d1001a2f2f9895,0
0xfdc6a5097595a82f564b929dfc93cf9780bf1e73,0
0x0429047892b8a903c0b4fbbd26e85d288f7af958,0
0x9e19462787be36e5e3676ad2428b26599bf9866c,1
0xef536c805482feb3d838426ed48320f77fd5f82b,0
0x516334aa920c5ae3897b8208952b4b35143904c3,0
0xc0adf1ccc703a0a3393892600883a1a91a4e38de,0
0x49e120efdcedf309746738fdc909665c4ae2d4f9,0
0x4bc9968c5e947b4867a4db28022c78d12a3c419e,0
0x9c197c4b58527faaab67cb35e3145166b23d242e,0
0x7bcf0668ff60a2cb83f04fbee94838ed1f394893,1
0xc92a1016e6707cd4d330ddd2368f8f1d880f598a,0
0x1fa3ce374b5a7d1ff4ee994791726021c6a7d5a9,0
0x459f7854776ed005b6ec63a88f834fdab0b6993e,0
0xc58492b3b14f658adff566c988029308505f81b5,1
0xec6c861c2a2b1e5ff5336731bc80c29dbff88273,0
0x7d28514fcf4039e080b125ab89c549c685b5f5d8,0
0x2ccbfba2cc646715d67dbf515d65d1aae6b98db6,0
0xba69e7c96e9541863f009e713caf26d4ad2241a0,1
0x8a03ea942b5a03535f56951657668c8f332f2ff2,0
0x987f0b4407e5558699a9b8fc4dda23ff927689ee,0
0x2449f66700a3e29d0ea3927af142f3d39f2c110e,0
0x8bbf4dd0f11b3a535660fd7fcb7158daebd3a17e,0
0x54b1b71606bc79cff954a6ed36ac645d5c9de179,0
0x0fd4e58abacbb7339695a3d8ef53dc9bead3d15e,1
0xbfdd05ffefc2e6a07c06bb472fa7e5425726de16,0
0xfba43a685a86cd5884379e9a1ac611d956cda9cc,0
0x190f2386932cf9c8bc593a9a0e05bab1406fecb4,0
0x9b53ad180b646abcdcda4f84cf7e448e32598701,0
0x3f418d108772412095c2959767ab7282971df516,0
0xbe59434473c50021b30686b6d34cdd0b1b4f6198,0
0x75b2e33927bb5476abe37a81840d574c5d88d355,0
0x9cb221402a45f3c2561d0634a56a3f3411e0805d,0
0xe32da8605e6d4802f9fa9a5e3776c12e06cb93f1,1
0xe83e098eedb43b33d340d4757529e5a2c4ee3230,0
0x4229a873bbd207deef8f41e807e563c26033d118,1
0x033d46d15ad9b5653cbe61be97371023acb11f94,0
0x3bd22cc67cb5bdfb0c8ae0448269be10df015631,0
0xe460f3e0adc58357ea5e3ac1d839611dee826354,1
0xc8e3aa7718cf72f927b845d834be0b93c66b34e1,0
0x57b818a1070373e21fcedf48d4368e1703c75852,1
0x91ef0754d270e67f2ca92595f5a1c0459ec7df89,1
0xc5f98f9a2f4bbbb457eb34d3c6d796072f3e6da6,0
0xde9e52f1838951e4d2bb6c59723b003c353979b6,1
0x9affc3b52fcd18bf2d7b6e715e511eaa3a973638,0
0x0e68e030c68604840017194d90b535eabe1ea059,0
0xed542cb5d6c87b863eec407c5529a1972a30fa50,0
0x797885c0a6cfffcbc4d2e3c1ca0b4f07112db6a3,1
0x22494042b10bd564738d66da2c9d48994cd2a6a1,0
0xbb49a51ee5a66ca3a8cbe529379ba44ba67e6771,0
0xdd9e590967b2ca30aaf71c016afe168e95fec3eb,0
0x4ec2efb9cbd374786a03261e46ffce1a67756f3b,0
0x1213c29b5e1a6f33e0d044f850a57b665e3cde21,1
0x1de4b791c6c7230dffb6d1ecce8eef1ed7f631f9,0
0xf0c677394c5fe4aa12175738fbe69e3c78997c1d,0
0x2bca419e570b1620b5e922fc005e806453affc83,1
0x35cceb6ed6eb90d0c89a8f8b28e00ae23545312b,0
0xbfa82fbe0e66d8e2b7dcc16328db9ecd70533d13,1
0x65b23774dae2a5be02dd275918ddf048d177a5b4,0
0xd31695a1d35e489252ce57b129fd4b1b05e6acac,0
0xef80158b7db893e74fac82fe32415d9420e60ffd,0
0xc0134b5b924c2fca106efb33c45446c466fbe03e,0
0x0000000000f55ff05d0080fe17a63b16596fd59f,0
0x127b47d30d293afe05f3e17e4966ed4109d4bb30,0
0x348ea40ad7c9b6ff96ab29224093397328f89298,0
0x19c5a48eba1f50d63054144c62ff11665c91e805,0
0xa66d83716c7cfe425b44d0f7ef92de263468fb3d,0
0x5c06da8f3e6b467391205563803b77028255fa86,0
0x649c0ba9d1454fa22331b2e801505a234504b8be,0
0x184dbc267f7956e5445cc9eda49f769a10c5e365,0
0x428da5ff72d8be0efaa85336b6c6a9fc9e0f73fe,1
0xa502f8112b2491718855f01a01a60462cc97a0d5,1
0xa39fcb48adf288f143459d57a1a0756718c919ae,1
0xeeb0ff1db9217a97c87ca9e2770ea0af2684975d,0
0x8526f3df4ab4093650b7cf734a839580ee29f6de,0
0x9442384d4ed3dd45d468b7f09d29627eed7c2b6d,0
0x0d92bfe502b38fdc1f3eb019ea9998ff44818ccc,0
0x764a5b7399d552a029d6c8e4a2a71bb5e9c82bd6,0
0x903dc47aa7c40f9f59ef1e5c167ce1a9b39a2bff,1
0xed3c00a6c0da9a64c307719da5ce629c6ee66dfc,0
0x607f4c5bb672230e8672085532f7e901544a7375,0
0x34e941297dc9adfb6f85395bc4652cfc20d03a49,0
0xe319847f14624ad62a99c7eb5e6d738f61fcf185,1
0x89d24a6b4ccb1b6faa2625fe562bdd9a23260359,0
0xbbf6aa33342c668a73c3cb3c6e4b60ca34241761,1
0xc2ce80e17d251b58ebf4ca600132c77292176450,0
0x34770f06ae8a9a7b44fd8d636af6a3fec2a58b98,0
0x2594d80da5f2e4f742d1e479eb9408aad132d0bd,0
0xf4616ecab980a817791008cb88e516e0a156296f,0
0x3abe5285ed57c8b028d62d30c456ca9eb3e74105,0
0x07a065bbc565002740caccb22b452fdd029ba988,1
0xa4b2d141bfe3f08e653bd6334f55c1296e3c8f0c,0
0xb8b513d9cf440c1b6f5c7142120d611c94fc220c,0
0x138e326c28114f65202b4ed82a1eecdf81451e09,0
0x4319c142f7b6cd722fc3a49289b8a22a7a51ca1e,0
0xb63bef397191b5677a2987b26a70fb3c76630e16,0
0xce1555c4fc4ddc2d87183d1a36e0a410e565624d,0
0x5cf317a5b29508e3ae99feb5d9fa27ff63cbf6fa,0
0x73a8de5bbeab01b0be663cea7b64a0c35de8df29,0
0x70b610f7072e742d4278ec55c02426dbaaee388c,0
0xfd2487cc0e5dce97f08be1bc8ef1dce8d5988b4d,1
0x931621613f1f1953adb085c2b06d664363e54aaf,0
0x049a5bf874f241d94232137ef728a9c7dd0d7550,0
0xfb26d7096225b2a8e41c8d0ef14c1f1c51f6933e,0
0xc9d2b0cad0c4a2575234cf773240fd31195fcdc8,0
0x86ba01f38a92ed31b83565395841887d0c467b3d,0
0xb0ec67fee8239253cfc2456800b81a43d31bdc42,0
0x998c2e0f9653bdefdc2465505c696287111dad4e,0
0xaf43ccd8d564faa055916a53775605ebed7ada00,0
0xd0e4e3a739a454386da9957432b170c006327b0d,0
0x4a3a469f39360f48a92e829e61757ab39bdf0d8f,1
0x0ad955d68acd3afa075610349265bcfa9f0cf0b6,0
0x386cabc0b14a507a4e024dea15554342865b20de,0
0x92f9ccadd86871b786296c0d5b068340334915e4,0
0x3c34071180ceb4213da92d065f87adcb835028c4,1
0x17633a41ab9af8b78317a1bd92a985f8482677f9,0
0x7b307c1f0039f5d38770e15f8043b3dd26da5e8f,1
0xa7cd93ed3133d82781cc17460fe1500b69a1b514,1
0xbeb0fae8c75c79e5f92c1c23c6435bd0509c276e,0
0x4d0c22805c093642b2ed788d82db58ab905dbada,0
0xc617d97a7ce654ef24bf8d419cbb2eea2862cdc1,0
0x11343194b9ba84c8e5629ffec4f604f410ed28fc,1
0xaf522608bf9355345bb1fed33219ee4623b9b81f,0
0x40f03d575dd6ad846de86a12cda20ecafdbe59bd,0
0x6ff313fb38d53d7a458860b1bf7512f54a03e968,0
0xf0b692ace03ffb689628e68d4919f91723d1c5a2,1
0x82334551e71b48387a122ebb256b188bf5868f44,1
0xe39a50eb53bf2d9cfae7dd6a33238d75468d54c1,0
0x18fa7647e0d545ed69b6dc51b2944b37e251ffc2,0
0x055a9c349cdc2a598439d6a45d0a83cad3864fdc,0
0x17f3699461888bcaf15199cfd5ee84d7d74848d4,0
0xbc9ccc8a46d424de38b2e4df5f4a5001321c5d4c,0
0xfad05ee13c8e0ec94e5ee9dc056dc451b2ad6b1d,1
0x30cfaf0b8a6f56bd44a50d0f54861efb0fa30c4b,0
0x6c920e583d67c08028464d8056fbbd02302207ea,0
0x57441a8c4ab2bc7afaf1d866d62847ce94fea869,0
0xe4107dc939fc888151dde95265fbf4039eddef47,0
0xdf7ff95aa3d855a6fb21399432166a92fdcf1b1a,1
0xc4e749db586f50183c6d5c6d3f54f488d308ec16,0
0xe6c51d563f92a23dee9a7093bb1be33bd35c05d8,1
0x16ea01acb4b0bca2000ee5473348b6937ee6f72f,0
0x12f8c63034aac487396b70db04aba5c84ded1886,0
0xee45e37e2b73e86c709d9edd1c8ea3b0ec72dad3,1
0x4f083c2f2d8f9b6702fe89117961f34d12ae1787,1
0x7b05d27d3619b8f844229073eb8d2d91d7103cee,0
0x0e6541374e9d7dee2c53c15a1a00fbe41c7b7198,0
0x0466fb3aec9c9bfc87ae909fcb531e917bb48230,0
0x93023f1d3525e273f291b6f76d2f5027a39bf302,1
0x2f2d5aa0efdb9ca3c9bb789693d06bebea88792f,0
0x514efa2ecc1be6228e46f45999dee7f1e9ed7b9a,1
0x4ca9123afc43dc9dde52a57a51afc44324138ded,0
0xc608f567bcf51b0d84edef669b9d7d47440b7bb7,1
0xed17658ad6b3fe87c7dc7323d0e77c4116a23626,0
0xc2d1053bf26acf6832313479267fbddcd8a5731d,0
0x702a8dbffac169e5f80e2f5c1cc18b2541887550,1
0x34579ccc0a0666a514923063edee3b79bfc15347,0
0x3e597ea168a85aa2ae5e2c4333665bcd875ed10f,1
0x87b0de512502f3e86fd22654b72a640c8e0f59cc,0
0x8ff8cacd4b4c4f9664b0f61ce17584943fe5e6c5,0
0xf5096917729885ef5b1a8c4ef238d3cf06028ee7,0
0x379c4c01484de6cdd3e685f63c702e45e3c574fd,0
0x33a8ea1c8c6294c9f65f3dad7ca7f037bd09f951,0
0xa7ca36f7273d4d38fc2aec5a454c497f86728a7a,1
0x68d41d0c11bf5536d6d8c186ccfaf3de1a022d67,1
0x4b702fc17fc11859aeb8eb0d3bd876a6a4bff910,0
0xeb784c89700e82f5804b130bbd831e181ef7eedd,0
0xc5c5aa3f03523c3e5442cd6bc41076cb194e4d11,1
0x5fe4b212422fa42448c84e8a996f8a46f17cef0d,0
0x521fa45ce25b0679a7df4f60f78a407c4bfa2f05,0
0x7528e3040376edd5db8263db2f5bd1bed91467fb,0
0x8606a8f28e1e2fd50b9074d65c01548b1f040b32,0
0x4f833a24e1f95d70f028921e27040ca56e09ab0b,0
0x2a662a0747f638f9aee3bc6a3ab0562bbde61647,0
0xbaca8d824f471a6b20fdbac25e9e8943b9cd743b,0
0x43e896e6d0fb3d45b13cbafc739e210a9b3150cf,0
0x33a3d20a2353a13cdb6021f7d1ecff1bffd43504,0
0x660c46a5650fb0619f603a2f4d73a1cdf8cd00d6,1
0xd09b4a4cc6f092959478c693f3933cd27da75244,0
0x8007aa43792a392b221dc091bdb2191e5ff626d1,0
0x8fdebcf5c93dc128de40fefee00f581fd80a1e92,0
0x11eba93a0a852fd34002f5411e1663cf864edb8b,0
0x73bb594368ddb778972c6f30b41437c897419c37,1
0x093fad33c3ff3534428fd18126235e1e44fa0d19,1
0xd0cb75298d5c1e3b277e3cd95c56b3caa81a99d3,0
0x9864505e8fc3673e5e210f6dc3853e986274cf37,0
0x033c872f24bb2b68deef057d1edfa662c8ca15e3,0
0x6a7c5cc282a0a437eb6d7dc5beb304f961ac6411,1
0x5e768e2e902127b585d435cc0a9280c21f585933,0
0xb89adfc6841f521df886edfeaf661f21b42703f7,0
0x5bfa4582b0c48cb375b9e8322b57ac025965c148,0
0xf77089f2f00fca83501705b711cbb10a0de77628,0
0x82326511e18128c684b4d318ff24135451f34fa4,1
0xf7070fc72e2b92c6309785a39338d7c919a3cf4a,1
0x5ac108d7b48979f261cf57ed7f9df95f8cb56865,1
0x06afad679999600ed84b8ad0a0f5ef65e4dbb57c,0
0x70673ff7f6829bfd11c5fa67b70757e8cf51fc60,0
0xae4f56f072c34c0a65b3ae3e4db797d831439d93,0
0xfb486bc995129042f99407282e926529d8e54451,1
0xff176ac18fa619d772be879c2c716404b22ec324,0
0x91b25f76da53f1862bd943376f12a9be89511a27,0
0x0f587d0b7b1c1ef68b432936b75c4d6c4d12b647,0
0x06194c50a5a85bb1fee0e73877eefdef64466514,0
0xcec962222291e09a07c0bd0a110d2211e0358b28,1
0x7355e49ba13082d3f83fd828ee6fda39738f1e55,1
0x6ddc0b1e1f2a3c7195d61542ad7cddf0f17d760d,0
0xf9e26aa53819ee0c4c0ac3de27f0657b466b153b,0
0x91383a15c391c142b80045d8b4730c1c37ac0378,1
0xe149f1c52ccd288a646f5438004e661636d7b60d,0
0xd2f4ea2f9d4c627c957305e28877081da9296d47,1
0x069fa545da7c7d9b2559de7fa14f387e0243dac4,0
0x46d1ebf7bb93044e078e0496e4661ec772607d9d,1
0xc191fee2585eb7b4f632a817b56cfb57c9f10b69,0
0x2dc5616ec2b9d24906f0e11dc8d8a736392dfedd,1
0xa2e21a9868fc103d35a7d1c7d9787ab541d9c1e1,0
0xd20db445a971598688e5c02bd577e21fd3577f04,0
0x60f80121c31a0d46b5279700f9df786054aa5ee5,0
0x5233816151d616581993fca4988eea77d01e933d,1
0x97402249515994cc0d22092d3375033ad0ea438a,0
0xbb9854bfd082c48b4d426ac6a2a152b01326f46f,1
0x7b7a7f26db00692ed0bf7cc5aa842f1a9706e296,1
0x16b3dd2970ad3f19c6068c65777530830d33773e,1
0xe1fe2a5815d0ff09c317ed04cd5b5a1a5684fb2b,0
0x5d64d850c8368008afb39224e92ad0dceff3cf38,0
0xb98b83027d16f1da8ab54564be4b6a713401cd53,0
0x3e2b9f6b67fc972419af5e9818281b745a6bf83b,1
0xc4123b7a155a8a337d7b45155483a81e0d2ebf59,1
0x3212b29e33587a00fb1c83346f5dbfa69a458923,0
0xe973dbf1e8c665fbc711ac5dbfdefefc1f70e2a0,0
0xecd570bbf74761b960fa04cc10fe2c4e86ffda36,0
0x34a34267ec4034ba52f154829d0b6548bbbf7c74,0
0x8ea6c8077d6316b46e449aec8fb60a606cf50eea,1
0xb954562066c71b3e6e7b2ac330b03c74c0dcd5ae,1
0xaf55f3b7dc65c8f9577cf00c8c5ca7b6e8cc4433,0
0x8caf2d9945bebc87fc5be402d1954cdd909d5d84,0
0xb13de094cc5cee6c4cc0a3737bf0290166d9ca5d,0
0x2295d3487c49c1d77ec7cfaff57faa9144ee4ee9,0
0x180d14c826e4b74cf1a5c786189fe9888ebad1cc,0
0xd3d555bb655acba9452bfc6d7cea8cc7b3628c55,0
0xcc6360f2185c39b315474e74359f6c2a1d5ddddd,0
0x752c4e4e90846c5673c3791b9809f71b7d4a638a,0
0x5983f1eb0508190e821e380a8ed273725f5d927c,0
0x7b4f8003310f15bd0cd48d76cc68be4ff10bef58,0
0x07a88907b8b46a2124bb49cc67ce65dbe06e8a1b,0
0x4bdc8880aa5cda1d6746f8cf55146c1fa4948ad8,0
0x71be700eee096edb23eb3110219a01f4c8999747,0
0x6faaeb4050fc4b15b131eff2ea887de829e9fc3f,1
0xfeeb8a968f0d7fd58e29fbfc525051f50ee2fedc,1
0x74a53c71c5737983370af37c5c04a3b0c31825c5,0
0xce5559f046d8c01192e15f55063906f8d1c14790,0
0x7582562aeeb50d6e48fa5415d47d5ccd9bd221c4,0
0x61d764be6b8d117ec0acc97b24f8e758d6501753,0
0xa3abac46f5c4f8ee2e7e61b7dea5f0bdf2254163,0
0x42e98f6ed27fc8f76118efb7d4fe9a254bf3bcc9,0
0xb65ef8dc26ac1c0a36391d7e7bdf21ccefdee3fb,0
0xecd6140b90564fd943ab37e8f53a437a67a9b313,0
0x6db92e635ba5d2834fff3db03b6be80d8aa28d5a,0
0xaa74b0f33cab1b291980532bc5e0057e10adb2a3,0
0x311f71389e3de68f7b2097ad02c6ad7b2dde4c71,1
0x2a53f42ad8bba138c21b50a4e5711f18381a61e9,1
0xf302e819f3b6e3c1dd869ffdc3cf82646ccd4748,0
0x59c3ba7a0a4c26955037710654f60d368303b3e1,0
0x95411d0acaa34aaaf85c0ea55a8fde2cefb3d610,1
0x2780b9476964a2a120a2b2b5169c916f1a48e183,0
0xc249fe0288e75e47e62b138de8d020c9fee5a9f5,1
0xab09f0fb6ff4bd4788b8187736b7ad94a77506fe,0
0x2cb4b49c0d6e9db2164d94ce48853bf77c4d883e,0
0x780a7206313f411db5f32c79b15b1c80faabed59,0
0x91dfa9d9e062a50d2f351bfba0d35a9604993dac,0
0x1dbd5f936166642f0861b694ca5ebcdf5660f7b3,0
0x5d4b4d9f5274f72d7d4308597d0ea95b97b094cf,0
0x59db9fde270b39a07f38fa3106a760829074c7d9,0
0xbfee29cc4913c365ae5a3c2bfc8f2f32f5f02fce,0
0xf24d3dfffcaf9f9a5dda9c57eeeb1ac0bba49c86,0
0x4fd942e51d15cdb966b58c3297d6d7e24d27480b,1
0x501f51187acfbbfb711166dea9ee5bbf77c6c2d8,0
0x0db8d8b76bc361bacbb72e2c491e06085a97ab31,0
0xd0ac656a0391699f90fba7d6158d7a5ad705fa8b,0
0x82b9d3e54dcfbf3964bf8b72440a4742ba880d75,0
0xe4deeb64e8701116b1d2bdb82dad4c6de2a28845,0
0x6dfdfbfb4b180be4482f8b753fb33720c2831a9f,0
0x3bcdcce9b65c3af4764609c76bd3ac035d130a0c,0
0x522995f5101739feb07e58054e958d048df5a620,0
0xeeb655488f20b23abca2e2bd232dc4607b62c843,0
0xcc326c1d41f64c5331bc7ba555d75306c3159624,1
0xd354cf84a4cfd096120e2d4bf0a0cc8866d4efe1,1
0xa7dd95d9978dde794eae5233889f1ffebcdc9914,0
0xbbc33e2da55e7551d59af915617101d2794cbac7,0
0x8d5ff2efaeef4c65b3116751bf0b93d583de30fa,0
0xda10000037344851f78fdb59b0c0ca36665f7507,0
0x0fd0ac01aa46178f37f2848ed201b6dc92b77494,0
0xc315f677f6a8f7b42d8fb32500e790cbf3dfbce8,1
0x903a61bc9ff163138959f9f7b00f4b00ca0f3210,0
0xc45589ddae88e55d128ca2f18a73303c553170a3,0
0xfa05a73ffe78ef8f1a739473e462c54bae6567d9,0
0xe975f6c744054c6ee4c3da475e7f66b683208085,0
0x1c4b7d0e1885bd7667af3378e0c538f74e712006,0
0xfec0cf7fe078a500abf15f1284958f22049c2c7e,0
0x09515cb5e3acaef239ab83d78b2f3e3764fcab9b,1
0xe9c17e98448d5d57fb15a518a98ffdbb90e8efc8,0
0x34959919244b18128d084834dba11f0c91732ede,1
0x85bb8a852c29d8f100cb97ecdf4589086d1be2dd,0
0x21972605049ead8467008ff05c36ff095044717a,0
0xd20ac5cb462051dc3dea6ac445b794effd649a20,1
0xf9d25eb4c75ed744596392cf89074afaa43614a8,1
0xd22167d083a5cfc2f1ccadeb842a8093b2174c5f,1
0x8b3f2ec8577e4da54294dd924d26c4ca2ac4c80e,1
0x38c36d3faab64c0770af26cc6ee95d91312bc53c,1
0x48ac44f4e29e602f851b84c271c22b85b9447251,0
0xd2e559d39935110df3ac7e77727dc8cd88416b34,0
0x8af574e720cc5098cb16afd8ba16bd1870ff55cb,0
0xb1c878f97421c743f8b682c19554c996f41bfc30,1
0x3df616ee25ba3fa146544ab595f106bff5ac4397,1
0xa1c9b3d6bd4bc341d904a25d517d31e109c2f2c7,0
0xd8776c8248b5d6afd1887f8933494b475b5733df,0
0x9ff2e4f332d91ccc3ab368657124d6b736b64590,0
0xcc97ebb7c5a7d97db32fb23a23fe516575c5e10a,0
0xa3d13105397f3b13dd47cd1f90a50f95a60cdd56,0
0x4dc924eeb4d87ab938f5a72fc0ef4460f6b35a8a,0
0x237d43f6218c4e5680119c0be95aaa6e19f50528,1
0xa932dd6d00fed9d1cd140275a5caa32d0b1e0d68,1
0x2f855e09c2344cff8972ee408c8f6037a58df4a1,0
0x983183727a949f98f997a52622e254a284ffeee4,0
0xa9923971e41228da736cec1e6fbb4670d96d4955,0
0xa25560d083fe0ea3e303c11577b5a345b236fac7,1
0x48d24cbac004546bcd6bc233ab1529147c123857,0
0x5f9ae054c7f0489888b1ea46824b4b9618f8a711,0
0xd0645acdf897a52e7bae4044879e7a9126ab299a,0
0xad1173e6a9524c117822a758eba218466a6e88fe,0
0x1a85a80f6c192a86e3bd5d046c8f421d7947dbcd,1
0x3f4d77cdabf58f5bfd2ef20784cafd58334542f8,1
0x8c654fe2b20bcb48c484c0e1cc5fb3289ba47297,1
0x150c7856bea3b6cdcac0013dc3d6fa50fffaa35d,0
0x64b54f3e5d36fd96e7d43bf63920ac7332765405,0
0x8bece7f1dac4834af77c6bb78b008a04cf861d53,1
0x76574c7b61b07ba14eace42e60cc73a08038da85,0
0x5a844590c5b8f40ae56190771d06c60b9ab1da1c,0
0xb46546ed5bc9cf513620096b680c26c7bc79cff9,0
0x42269ac712372ac89a158ad5a32806c6b6782d66,1
0x7c07b7b34da43f240ed6d4edaefe9a986aa01bfc,0
0xf0d8f9deeceb881c269854617c9bed6ed2e1530b,0
0x71d557f09e3c0f0f5c7e5725e5d2481a61ad072b,0
0x97cb5cc1b2e10cc56dc16ab9179f06dfedbe41a2,0
0x7b9ecde3a1b9e2aad3d94df0d89446cfd009b118,0
0x31cceeb1fa3dbeaf7baad25125b972a17624a40a,0
0x409de70d8ad0135e6fd91f343899b93d903c998b,1
0x095925a67ede4fe0d794f7797342528b98c7da15,0
0xf3f6277978bc79506681d85e4941a85553c0dbb9,0
0x8d8cc6c2161c57ba994cdfbbedfa79aa1930c099,0
0xbbb1bd2d741f05e144e6c4517676a15554fd4b8d,0
0xe0c72452740414d861606a44ccd5ea7f96488278,0
0x25741f5f2dbdde9cfd38f73be7052ec03b0e9d85,0
0xc045c0bd4a26160a85039dbaf9c1ab4cd93249d3,0
0xeda0785ebbba90bf1ac4a1cc07fbf9c9452c0db8,1
0xf7badc8a331384eb70e19dd443fa561d33ff03b7,0
0x3c07b3f4a6e253915d83c86707f0af07521d1cd8,0
0x8950938b79a03c2b8f0c0226c0c41060bb216138,0
0x0333bd82e1f5ff89c19ec44ab5302a0041b33139,0
0xa1a6a19b4c19220e5a0d54b4caff4db25a76e165,1
0x0f612a09ead55bb81b6534e80ed5a21bf0a27b16,0
0x036407f23d5e1c1486f7488332cf54bf06e5f09f,0
0xa3ce9fa0f6b6649e40bc5146082661d5f0ed5d7a,0
0xfccf75ed0f8a36acb5007d7fe6b1762e59132c58,1
0xc800c56db86febe893de1a267d0ca3eb1a9f974b,0
0xc7a5b1ef756b92373d320d13f0f775849358c4ef,0
0x69bdb276a17dd90f9d3a545944ccb20e593ae8e3,0
0x316201f586706aaa2795bc2a3f0bad2379c363e4,1
0xe09394f8ba642430ed448ca20f342ec7aa1ba2e1,0
0xc8c876f5d36f613fcca87d365e9c079ad3a7875a,0
0xc2d8db56c50f253d1279da6760345fe78f784ed9,0
0x7baf8432cd4640c8fc578278337e37e14d3ca49e,0
0x53eb9bd36b2b72a9ecf76b948ecb763dfb120e33,0
0xb02bd126cd5477b2c166f8a31fab75db0c074371,0
0xed91879919b71bb6905f23af0a68d231ecf87b14,0
0xaddc925e5580e00896ebf127282929647fc1228d,0
0x5c06bf92669ea4a11b808e65abe65b7c7302e0b9,1
0x697a260ba6365ab241f7aef057da3587f0c255ca,1
0xeeedac8686ae12183129e80e632e922dd8daecc4,0
0x29bef3878b85522ef2afa541dd7477c9e0a2c122,1
0x89f9749ce943281b8c65fec7f15e126f8cf4edb1,0
0x28c3db3aa2a1d519981d9798cdd04236cde1cce6,0
0x2f9b6779c37df5707249eeb3734bbfc94763fbe2,0
0xf076e04e07678e39791e2dac080941c6fde3d21d,0
0x404aeb8328785649bd011815e62229477c721af8,0
0x5a78344b9a6aa1a06e4cf60b30c886a80778b2cd,0
0x39b05c0c94ad5c6231086fa5dfd30f14aa02a4fb,0
0x3bb831e1ae1b9abacb2e9626994483e0b3759c1c,0
0x2d6669c810bf1444d2e5e7f4cfc56a4c10cf7a2a,0
0x18429dedafbb65443edf60402294df5c01aee1da,0
0xf70ce1be9685b0cfb531bc712d3faace858b5bfb,1
0xa51d1e295fb19bef55c91231d0cf7ebb1603e047,1
0xc25c2f11643e2d2fa60498820e30af30b68e6137,1
0x006bea43baa3f7a6f765f14f10a1a1b08334ef45,0
0x5e51f6841d2f188c42c7c33a6a5e77fb05cfbabe,0
0xc28d4341ad8224e1a424558074ef0b4515f424d5,0
0xa8bf430972c5ee2250ea829d1821fbf02ccaf297,0
0x60acd43314d93f38507f3fd12e84225a5a099229,1
0x78c292d1445e6b9558bf42e8bc369271ded062ea,0
0xfc4f1acaaed191715cd50b9bc5311f7ad076424e,1
0x74ceda77281b339142a36817fa5f9e29412bab85,0
0x7453a207a53231253ad289858f7669e895d01898,0
0xb56c725467c7eec851b1a4a4222d930932b04e89,0
0xc13e014b1cba0b18ec5d9f318922a38feb3e8c04,0
0xaa8d58caaf9842f267fea43e21bf376ccbc4e91b,0
0x3b46833cf5b022f49d38307343d99a6a756c0502,0
0x84f7f794867642a47ce577fe0d9745da6ac37c44,0
0x34278f6f40079eae344cbac61a764bcf85afc949,1
0xe690e40d4b80628f42548c35d45637c3180c9c07,0
0xe0787aabbd6ee01e55f98647673552885d54eb06,1
0x33222541eae599124df510d02f6e70dada1a9331,0
0xcc02b920ae227f1be7d01fc241c27e5f74d40436,1
0x5c250ff9b993c6991cc4a3cc543716e53b478018,0
0x1f5cdff41fb9b17996d6f0fca6ab9c5bed96f20f,0
0x98f0485cdd22710a9a923e616567eadfe62e258e,0
0x1a2c53d132ff8a6e26f6b32c0abdc179b94f0721,1
0x36490a555a0019ea8457401584de111213ebd31a,0
0x577d4a7395c6a5f46d9981a5f83fa7294926abb0,0
0x04392398673e6247ba7b781029c4ab2aad9efc28,0
0x3be81e78de352fb29b6b45af9d5f99957912203d,0
0x9a155b13d3173e9e2d35623b465abf9da43ca4b1,0
0xe2e6d4be086c6938b53b22144855eef674281639,0
0xfc00c80b0000007f73004edb00094cad80626d8d,0
0xf3d56ff3eee1c9a9ccb936bd2d7005c6bbdebd9c,0
0x10af69bd2306ae091a8d8d0e2fa1913b7b51c543,0
0x395cf3ecd8794e9b2c58c2fff0e3d9e58f939319,0
0x6e98e5401adcb0d76f4debfc3d794b3031f48790,0
0xdcb13fa157eebf22ddc8c9aa1d6e394810de6fa3,1
0xfe3672eff595cfd36ed05aaf4622d1aec3b5e852,1
0xea7a3213b47099e3368f8f9a5f382540c80c2eb9,0
0x3e370a6c8255b065bd42bc0ac9255b269cfcc172,0
0xdbeb51f19581233e863b7294ce266ab250b22185,0
0x60ce1dd8f8bffd69994170ae66bc50be8bd6b839,0
0xe051ee9bd6270ff52d85ffe09685ee3a9755f04a,1
0x5dd153a5a229ffb386d6225543c7172149a25a45,0
0xdd14691a124125f55956a6992df1c22fbc604a66,0
0x66943100bf0464c1ec43b957a5f72fe2d67a3678,0
0xc6be788faf54763dcfa48f08ca47c6cfac502ed5,0
0xb0159528e61e6ee55e1c8702e26f1123da97a686,0
0xababc103fa89dc4118a487840ff20abce2b42d38,0
0x94ec7807f2bfcd781787dbfaea683a777ee96aa7,0
0x4f4d8b0115d9c849403dd6215e65d284296585f6,0
0x44525c8dd44b9d470937cc9e7a0275eb14c7b01d,1
0x7e2a22a39bdcf6188d5c06f156d2b377ab925eb6,0
0xebf4f25d56085d9f4b00e50842ac9244c7ea35e9,0
0x355b9556dcc67d5cc5aa11190ef8059fe2fd25b6,0
0x0f2d4c5c9dc5d1f7f9260e3d57ed2bbad742eba1,0
0xcc6d70525c53d72d1397bd7d9162e92a24618b94,0
0xaff4293900ed92c0e9e0607166fa3c03201e8265,0
0x50e4b6bb00f891e81e8a5b5886860a7aabc97225,0
0x095e1837cac538d5f08040b4f7d0f26d38d46dc3,0
0x83651a62b632c261442f396ad7202fe2a4995e3a,1
0x77a2cd8e930eacf196105ca06837d8b3edecf1a5,0
0x77761e63c05aee6648fdaeaa9b94248351af9bcd,0
0xa969af2ae07de9558514734a9abdb9bbea283c8b,0
0x0f09cbf96f0a04cb265dc6e0ce2e77271cf766b4,0
0xebfc4fa869a6db3cbd6a849b5b656bae4aba68f0,0
0x112157162bc4b655bbaf3a0b61423d205a3a5e58,0
0x39cba70b2d76c35b3fe56f7005bd17c41f2efeb8,0
0xb12907dcd65e09871bbd6f1659436f3be310af65,0
0xfe97ad44a97e591b328d0a0dbf3e9eb03d694edd,0
0xf3dd3acf1662a564e15d7569fd80c105596e8846,0
0xd39b0676a4f1f44812fdc21db778dc32b59b9280,0
0xec470753b56ced3784ce29db7c297f0c1b75fc87,0
0x937a7486f5eb354c4a77882542333c4e8919203a,0
0xcf7f36385d2c90a757c8fd771fbd9eae779dcae8,0
0xc34184fb6a56a40df2b37acb040e4e97f344cf34,0
0x9ec022f82c5004a2fd71ce354ea2e57baf6b81ab,0
0xbea72b7da261bb0a488a5d07f01b16516ba2edef,1
0x32b7a3018e4b832dea848786348164667ec030f3,0
0x0669398307efefb60030ff328a0cb6a3a840182c,1
0xc86ed0814e5dc8638ce8ea6a626177e35b7b959b,0
0x003eb9c77b5b896fcc27adead606d23def34510e,1
0xe7e63e244c52b2230666e263657ba8db2b6b3705,1
0x818ebdad12d3decefabe6ccb16f33c9bbfe1b30a,0
0x4aef20778a2e8e3edeab721ed235264f00bb6d20,1
0x4566b8b849dcdbe04f64bf1909db313cf60d6e41,1
0x5f4599a9512372552d2b3abeeb9f9095c7514576,0
0x12736c6b02381c3c50e41db3a69d7bb651a77d57,1
0x94d940ceb4eb87a18c903804bb2c44910edb6453,0
0xe64509f0bf07ce2d29a7ef19a8a9bc065477c1b4,0
0x215b4a7cd7f4ad4594867bbcc91cac08c83ab507,0
0x1e4402fa427a7a835fc64ea6d051404ce767a569,1
0xabe776435f7459e2f5ba773bfb753ed19a053dd0,1
0x2b6ff53fc2493ccd5202d80a6c439741414c5ff2,0
0x6904cfa3ebd1b845b1c3a6a141ebb18720a3f36d,0
0x5bf5436b367de54860d1b0be31203349a4d5caa7,0
0x7955546004e1c35b25099c704d5f0db88f9405a6,0
0x3debd54a01a1fc12282afd1fc39738ee3b9240be,0
0x5bf81303cfcaf70cc12214faea3554c5a21eac89,0
0xbb31037f997553bec50510a635d231a35f8ec640,0
0xcc784c1d240dd721a02a121448fbe474ffa3defa,0
0x19555a92a4c70b7ceb3b2b2b738d028a451da85a,0
0xe1eda226759825e236831714bcdc0ca0b21fd862,0
0x09a8a0a5cd6974b28ccea7aad99801b1d0d12a49,0
0xe732532eb11c65d772953ffafb374450222d85b6,0
0x19a6067538c90973ef5dc31ded5fa567f3d09059,1
0xd8ea83c4dea8772764ec74f8687b96e4dca4e1b5,0
0x83e240d1cbc6ec7f394cd6ba5ed01b7fcdf44ed5,0
0x800d2b0cdfbebf9437565b0bb7426fd2e796b9cd,1
0x6b87e4542044b1a17c44d0103ee9365e010dad36,0
0x17683235257f2089e3e4acc9497f25386a529507,0
0x67b366f3cdcc5296937db9e7949cc9300ed8fd5e,0
0x5037c9fbfccbbb8409157d72cb9579ac3d05661e,1
0x1fe91b5d531620643cadcacc9c3ba83097c1b698,0
0x2dd05b3c2a1cbd6b57a65b65937a2960425e9ff7,0
0x069a6761e9897ced3f5d13f4aa9ad745e526c913,1
0x133ef35f1b7fabf15336ce6c1ec061811f2009ff,0
0xe67a9d2a8ac0fe0eb12a02caf419078c0806787e,0
0x0a5723d1bc889d8f755eb36fcd60483cc8bcf203,1
0xcc1ce5c8763f3046de155926c39bebb0f9365995,1
0x7b3a132ad35b6138f2dd148bfac2e790e4869723,1
0x44e673d64b2d6834b7b44eb28a210dcc3777330f,0
0xe7d269c682d4693a0fa5b1d419bc3c860890c22f,0
0xb5b8f5616fe42d5ceca3e87f3fddbdd8f496d760,0
0xab3b51488dac357f37ccec4c97552b604daee2ac,0
0x1c0dffa23f342a62ace37bd4eede6180c40ccbec,1
0xbc2a863ef2b96d454ac7790d5a9e8cffd8eccba8,0
0xf3281c539716a08c754ec4c8f2b4cee0fab64bb9,0
0x74fe63027ccd88f9cffe4255fdf2075243582ce3,1
0x9f284e1337a815fe77d2ff4ae46544645b20c5ff,0
0x3a61486eb175364242772398ee3753ad549f430b,0
0xd1c85e7ba6dd03d45522d587a6daa22364f8de90,0
0x903bb9cd3a276d8f18fa6efed49b9bc52ccf06e5,1
0xdfbc9050f5b01df53512dcc39b4f2b2bbacd517a,0
0x445f51299ef3307dbd75036dd896565f5b4bf7a5,0
0x9ab165d795019b6d8b3e971dda91071421305e5a,0
0xfe1e365ebbb792dab452b94d07a46e8a628d5881,0
0x333695a81c64a4c8777cb049f7f82b20ff82ccfa,0
0xa95171e49a7e187585c0d5cde0c209b76a5fd220,1
0x45d0251bc82b0d383006ca536fc580db113eb4d7,0
0x4dc3643dbc642b72c158e7f3d2ff232df61cb6ce,0
0xf1d185bf90f83ee9a9c4bafb9182ca6051628fff,1
0xc05d8c9b12df5a37e002639505d2189e5847ef5b,0
0xe0af40d534685f46718d07cdee8f2d78af9916dd,1
0x9da7902394fb19ddd340d47398d35e3405bf79ec,1
0x17e65e6b9b166fb8e7c59432f0db126711246bc0,1
0x21c464af99159ab6b220dc169ff3f57fe1cdfaf4,0
0x159147718cc6591743d7b8892131770a071a6242,0
0x36d10c6800d569bb8c4fe284a05ffe3b752f972c,0
0x8cbdb7e550ba16910b354beb559ac32bcf8c6b31,0
0xf1c1648f6f0edbcf7d898441b88e489cfaace11d,1
0x08ae1da2daba9555061771e27aa6cc83a38f929c,0
0x1250b98cbde9f99f4c42dcdacee193221f17eb50,1
0xc1d2819ce78f3e15ee69c6738eb1b400a26e632a,0
0xa2d4035389aae620e36bd828144b2015564c2702,0
0xd883209c4dcd497f24633c627a4e451013424841,1
0x0248f089a622b74cebaa62573605af9a44966bf1,0
0xe530441f4f73bdb6dc2fa5af7c3fc5fd551ec838,0
0xdddac563f88849dcda5ce35e9bebe17ac5f016e5,0
0x772932a7093f5f3fba00a9339abf01c47a660499,0
0x61d0407edb149dc453c47fe31139fae9c1472da6,0
0xdf9177fa700052e2ca52432354bedf22ffbcfa01,0
0x945192524c6605d20be6c529dd318666b74078bc,0
0x30e6800ed789eae132c6897e78b38b3d389e97bf,0
0x0d4f74c538613ed6e6c8c1bc8896ecfd45f5ef23,1
0x70814357697c5290920bca4327fe6640e22edd49,0
0x18dbb1b6a74087527036f2f95c7e186e2854ecd9,0
0x999999c60566e0a78df17f71886333e1dace0bae,0
0x79a6e552b1bf27fff02f383ae795bd35dd2f3f8c,0
0x3854962ad8861f44fc617171ddb91eb5c3f1782a,1
0xbf0c85867fcdd4064d22b0dfd91561a52134e035,1
0x39ac3008be15cd3e3f23786faa0550c3e0b92ff2,1
0xf6cd0147527087478a316f18e53ce504e0d50ed9,0
0x0b4abe9e916e9c00cc80c4c473386d1116d5bd8e,0
0x443013c1557b329d97c2983461a441d33791a31e,1
0x36151737b45017234e9570cf9a1cac97138953c2,0
0xcd5ff8c51b39395183d823092e4a9e911d8097b2,0
0x6cce071db1c6c8e0d992e943471b8297242c3aa8,0
0x1f9f9bc358ddc30763e81a0081b86a638e6277ab,0
0xfb6916095ca1df60bb79ce92ce3ea74c37c5d359,0
0x981d8701e5a7a1930fe342cf5e6616455e60c2d6,0
0x8c48060e5788518cd8e7097a432f5150b92d9809,0
0xa8258abc8f2811dd48eccd209db68f25e3e34667,0
0x53d00ed6cbca0b08e4485286bec68aa48aa17cce,1
0xec8c5ca046c5e431a334e94347a703a9f5d0e695,0
0xc0b52b76055c392d67392622ae7737cdb6d42133,1
0xb34aa41593deabb2b17e7507e3e413c58f6e0c71,1
0xdead4a7794cb48a74115ecfa5e62449c6ed75446,0
0x678105d3ea35a0465a2968b93f592c0775087694,0
0xaed206d6d77e34672721c4b0d2d42b6217658325,0
0xf237d83f6088f7f3aa3dbd79ab7dd0e1bbe13793,0
0x1e51f9ba6898bcc9d63da95f5e1b483ef74b30d7,0
0x9b8c435196c8398ff021f375535cf04e3459b15c,0
0x1103849f41222a4c348515331f0e734d4bd9ad34,0
0x7d3ae940eb73dc9131758ad2e326c7d863b0916a,1
0xe29b464f081f615a7fa065d318302e748cf62405,0
0x152705988c801c92e7df97615de03bee2355b78f,0
0x20c11e5e049cc1f13b3f27780cc7830059d92984,0
0x1ccd65d573057c388ea96cc8be30c18a6d21185d,1
0x3517d80388bd5f21086c3aab4d465cef968f4215,0
0x5e90a53edac1d4c3f0d6f20a7c5b7298fdc1cfaf,0
0x35bf69fd04c13eec841e25cc58809174500b96a7,0
0xc4dca8f7d121ad79057a8382fc9fa9898727ddd8,1
0xa617e4728f216009b86354797d8d2305d3380179,0
0x80142a55f0f4f6bf6b5644b8c1f8a3cfed0086ae,1
0x33f00114d5aca3dee03189d4ed9d4f886dad84b0,1
0x4f96fcfdde47ba20580bd3ea17d03e9b8d543a82,0
0xfcd4bffd7b76092c59fb9791ff3f9b5405d4010a,0
0x3d924e39d2362c7d9e0bf2fe0e999688a2185fde,0
0x80616f35df2ef0cb42280a629761e0350fafd679,0
0xaec1f783b29aab2727d7c374aa55483fe299fefa,0
0xbe5c4ff568993c713722ed09a9ed4c8fb2e3fb3b,0
0xe37ec6e1cde80505f32ffa5d915b5b46fd8cec7c,0
0x53e00c6a2887f71bed5340ce369675ddaff4f42a,1
0x71caff5fd6facbaf1863426ac05b3703636a9bb9,0
0xd217dc0cab1c952a7ce6f4d7ca4549cde1f37bb0,1
0x5d84fc93a6a8161873a315c233fbd79a88280079,0
0x1ce7986760ade2bf0f322f5ef39ce0de3bd0c82b,1
0x51f2d86d70b8c0bcbec0fb17658f3123318a8ac2,0
0x967582debedf069111973313e29bc7c5f713b80a,1
0xb4b7d0c65b3618bc8706ab7b3719519ead624067,0
0x9e96604445ec19ffed9a5e8dd7b50a29c899a10c,0
0x4d752680f311a0ae9f2dff3f5c96cf30a7b39496,0
0x870fe80e76dae4a4c12690dec52456ab13176202,1
0xab1a9b59cadafae90008f4e8fd5d073fdfdc5dbd,0
0x9a5423038bade592e3e35ac04c5ff6813dd3e7df,0
0xf9bd51d756a3caf52348f2901b7eff9bd03398e7,0
0xc6c8bce5e9383df025f982d6bbd84163957a6979,0
0xb92dca7406c8f46b372f8f84548a5e40bb969c8d,0
0x4fb663c1616bfe80b5b6d5a214efa81d5a121801,1
0x938358f6f7786735cffbac3a218f3be16e496cf4,0
0x124374f24bff86cf043e31344077ece93bd46b57,1
0xb328f05fa01cc2f9add1ed05c5636e7d9c9b9954,1
0xdc2933ab1918678bcfd13bcd653a20c0e9ceba9a,1
0x3333331365f21e192fd43e599dbb44eff532a667,0
0x4b94c8567763654101f690cf4d54957206383b75,0
0x4344595470de5fdeffd02cfe2fc73a307c654cef,1
0xc35cac4abbbc6bc26bf8ccf56c5bd8a1fd1d5e3c,0
0x7149d21e781a891df0dd29d2abcd95380122ba45,0
0xd47a07070bd8a670407038941318783cf2070a1e,0
0x698d32b991eeff6f08d0af10e65c0219fd2f225e,0
0x7a3370075a54b187d7bd5dcebf0ff2b5552d4f7d,0
0xa45dae1b4e70efdfc51741a5e4e53b2ee6f70586,0
0x832bf950ad4046ca538dc1261b694b38c129cb42,0
0x344b603d852143dd9b7d6d95a92df77061486765,1
0x4fe9f52ec23f6805f2fd0332a34da4f1c135b024,0
0xd72d080b579cddd5e0b2790071aef5fdf66ee597,0
0xeb6d43fe241fb2320b5a3c9be9cdfd4dd8226451,0
0x8317b216d7c3f9a5b8401e4b6814d13a7be390ec,0
0x9bccedddd9c1c95e722b2e661aa2712e0b1d0397,0
0x767ee3150ac31f982190ef41728cf9a969355286,0
0x620452f220e181842696efb695dd8d6a87da9953,0
0x7b832f4bf6beb150c78757b8a03a680345e7c2ad,0
0xe1a9a5fae06696d314994a9d6915c12a63ad055d,0
0x3ad44a16451d65d97394ac793b0a2d90c8530499,1
0x739194690d334f13104a78784f7fdad48b4067c7,0
0x8bce0ae2d8f4560b06011aea6239c9e036fa3074,0
0x4d38b38d46328d732c6470968049ceb26021fdbe,0
0x671167ffa438c87f134395d68b820d5a42202214,1
0x3438ef004ae14500d90073d00000982d70d8b300,0
0x88af078337afde014574dbc6027a1db75d629b76,0
0xf184279e6d4654890b4410cf300ed55600f018be,1
0xbacd554538c8037545098a36361f54c4e1d0f94e,0
0x9ff7215141245ce06715587578bf78c9efb86252,1
0xe3f64dc522a66405c51d96aae234217a03502bb4,1
0x6b63ea3612dde97082aab468157950f927618d31,0
0x16dfb898cf7029303c2376031392cb9bac450f94,1
0xfc5ed02bd8ed12cc3ed03cef45b5a1b8a000c959,0
0x0c6e8a8358cbde54f8e4cd7f07d5ac38aec8c5a4,0
0x84367f8a1cf35f6b285f1200b93e1db8a5552786,0
0x43372b19745f3b3cd249f3af341e1f132e62f240,0
0x3da6d8f14dfcd576c46f9994d8fd94883a8f3fe8,1
0xba3048b17d1e8c1412ea29af9af795786065b5f9,1
0x8ab2a5c943d71959e73dcd7c075947c27d63cffd,1
0xc00e94cb662c3520282e6f5717214004a7f26888,0
0x088e46650e0a9051dba1c37c500f602d2ac4fbbf,0
0x83e5203cd3e372c9c926ccec510e612b8bbc739c,1
0x062524205ca7ecf27f4a851edec93c7ad72f427b,1
0x8338005b31bf37dadea7f76a7778dcf9150d8f02,0
0x1977c795b5f52bf6f8150136b07822d1f00704f3,0
0xb8cc98abb5402ac42bc11d38416df050d112b6b9,0
0x4b1e300c93b4ca4731253a8c608c4792998113d8,0
0xcb46169ef2e76a41c944b33d1b0842d40898c5ea,1
0x414b054c5c7c3a2e703d11d5f21bf50bb70e0199,0
0x3c9680f1ef75693f22de279c1fb35067fc15e2fa,0
0xed4095ff24ab3c5f1b920f7a424b4d9016c833eb,0
0x38a15c192acd28647b3bbf09cb298914dd2d102b,0
0x58c60fdba15376c44699c2858a498ac159ffd8cb,0
0xda9018d28bc96f4509645fbc28e872c7d678931d,1
0xb79caa46a27eb023f596ab9f1503cdc0e82c3bfe,0
0xf243688304fa4f6c6efadc22b9c1dd009aa76650,1
0x1a2057268707cad9b68f80556f69afa28d06f4d2,0
0xb9b418d2ad83e9060ad6fde3b4bf4a9a26d1b5de,0
0xc2f949ffa650c8909baed7eccd35def31532990c,0
0x31bac2022a11f21da8b788f96ed5097d675c81f4,0
0x5884a4ae83f51f801f12bb2672d8435ec030fcf1,0
0xa2979c8cf066612fff59b656572cdf1adb8956ae,0
0xa8daa52ded91f7c82b4bb02b4b87c6a841db1fd5,0
0x49c3019b7a83b3c77a823255533975969027308d,1
0x675283432d53531e11ed459c51fb508b7c9585fb,0
0x4c334f280f9e440788b66c4e5260c03e4477267a,1
0xec7180a95b5533093d5c1795224797b42b578a94,0
0x4c17c61ce6edd113346d993aed193dda7ae57b9e,1
0xcf73613e6c0a68e57b1e3c73b612a1c7376691a7,0
0x0a4d2fb8189bb7dbcc2e566e8e1fbbff637cb390,0
0x50584a9bdfab54b82e620b8a14cc082b07886841,0
0x493f121b6f769fc8dbfb47ab834b13561d835009,0
0xd9f7cd813983bd89d18015cc3022f7b9b97d26d4,0
0xed56c7b5785c85eb0d1946d1d0f9cfc33b954b9e,0
0x94063a232e6bc13cb4021819d2a867d0fe19516a,0
0xabb2a4e1717f51d379489df8e784f770fa6d6511,0
0xcfbe7a6cf90d022265ffc7e26b564bb455077c9b,0
0xb9633dd9a9a71f22c933bf121d7a22008f66b908,0
0x18821b52a0a58ac7b85737ebf955e2400f31f471,0
0x2b00bead1381aac9bd847e029f28dcf33248e3fa,0
0xd3c625f54dec647db8780dbbe0e880ef21ba4329,0
0x2c213cce5e15507e9c59228079e9e809916e7c98,0
0x57d02550f47dd932d2fb84e0aa883c9d8d53c313,1
0x53d9ba8432d8f88a8e5ee589da5b6357d613d073,0
0xa716a3b1c469dc3183f8105497ee053d0532f8e1,0
0x7d47972a610f2cfef42f6f68a8a67f1cc21e97dd,0
0x9b21c582d720ab3e2a326aae2397e3f22545fa8c,0
0xff79b6660b02b4625e4faef219f297cb58c878c6,0
0xc1e6e4d9fc0b7e555bb8634bcacc9a1067bec039,1
0xd2bb16cf38ca086cab5128d5c25de9477ebd596b,0
0xd2adaf0260581824b2b93f6a51862e33852f1d31,1
0x808a29d65e63c8df644bc66eee832eabfb65c146,0
0xb3718681be40694db7e8e5d1e6ddf6e6b4bfdb60,0
0x8f8738bb17bf9f0251389bcec6fec4a9cb4f49b3,1
0xb0374e70b9852371a1706068d5a982538e5d1846,0
0x7a2ab08612bd07c8bf661883e21240f49b58e944,0
0xd2a2691b44facbac43eeb4a7330180f14fa1431f,0
0x89b3d8f278985175c0173a0f9ff396fde432f358,0
0xcdb74bdc2a54a57aba7b3ea9f29ddd3b677594ea,0
0xd3983580a4827f204e8433ece4998c1d27e8037d,0
0xce4763c7fa2e1238a398c0b07a9abf6472531d51,0
0x9db8a10c7fe60d84397860b3af2e686d4f90c2b7,1
0x1c3c643f49be262c3040e917e7d2299b9bc081a1,0
0xe8868e87aaa4a0d0751691f9f33b0e5da7127039,1
0x8d07f605926837ea0f9e1e24dba0fb348cb3e97d,1
0x1905f04a681499605cc21fab3ae3b6ca8ea933eb,0
0x4ddc33689380e6b56783a5442999b75a5b919361,0
0x906d7b0bae2ae1aca8c5afdf2812d7f8dd999ebe,1
0xa55523eed98ba64ff7673b22963df34e3a0305fe,0
0x7f68fd54b4551e6aafeed7a94f66b0f2297f4567,0
0x0f57f7fd130762b7abb2118761c31e6ffb4a89ea,0
0x3fa067c75d5161a787ca543cb867f2042bce4f82,0
0xc908a34165d2720d12ffcfb6b99b47161b1c9946,1
0x27f706edde3ad952ef647dd67e24e38cd0803dd6,1
0x3e3a36812b157cd822717a22336d951126059712,0
0xd6fa1019203bbcac47345c669fa357075830b6c5,0
0xd5e0b57757b3555d33a6e93694e6dcc2a3897a63,0
0xee6a3cd161bbda18300c03ed1a7b33544c5dfc3c,0
0xc2076a50cb9d54fbeabd9b80a07d2e33b1524e85,0
0x55d035ba1f4ae932cf98125b93d830d9858cd39f,1
0xac9093198de62e5289163e85bacb53ead596b9f3,1
0x808470d3c22263bca54d2634bca479bf05d36e93,0
0xc29da757ed787d535958ff98c8e41eded06c1e9e,0
0x25d8f027fd25eecbcd812521fb2f75f175807a91,1
0x46df22eda6a25745b172c558a6e9792a65d80f6d,0
0x5f6ab160206bc6a5d663ca5d0f237d82c572272b,1
0x6d4988238b6396d15a63ed675d96dd4d86a70f2f,0
0x2914101a152f4d65177949adb99794dee14f308e,1
0x608f006b6813f97097372d0d31fb0f11d1ca3e4e,0
0x126799e70341c54203d241c92c1f511dbe75aded,0
0xb044a1f6352fadbb9cee1a499f2ccf17204f8afe,0
0x2d3a6cf3172f967834b59709a12d8b415465bb4c,0
0x4256117a02ac880335f8bfbeed63f92ec0001a5a,1
0xee4458e052b533b1aabd493b5f8c4d85d7b263dc,0
0xa54c786813f0261dd1ed3f928d78f4b063079a19,0
0xe8e506306ddb78ee38c9b0d86c257bd97c2536b3,0
0xcd15f09f0295df0e1c33e777b2b4022fd2c116c5,0
0x776ca20db76af367dc7dd094c4dc2f6b304020f9,0
0x2a3ba5e280f70a6c4c6fe4fa7b4d09d496f3296a,0
0x451239b6d8f3c3767612aed9fc681afe186aa145,0
0xa74642aeae3e2fd79150c910eb5368b64f864b1e,0
0x47dc6f08214f891cc910d6d2abfb504c2584f14f,1
0x7d7e9f5fdca3ab313d1a8b753f1686318eb25de9,0
0xb9d1cfe7939d861e5def3f531b22e38fde1e5661,0
0x765eda6a8dfb0f70e54e096daf7c81156cc7a0dd,1
0x3c337fa1bf8725f59f73db6db719c792c5e8ae74,0
0xa64640013f864dec2b2b2814dfc80b99c5d53504,0
0x936d118702ad19aa39d6e0aed5efd434a577f6bf,0
0x0ccd5ea595a3e7537e471f40a4d90f88ed0cf5ec,0
0x378356e2391cbaccb1cb11d9f7b1fe6b244819f1,0
0x8b64d94d42fa3c05dc8579ae9ba788e0cb35d999,0
0xd7cc16500d0b0ac3d0ba156a584865a43b0b0050,0
0x12302fe9c02ff50939baaaaf415fc226c078613c,0
0xf19308f923582a6f7c465e5ce7a9dc1bec6665b1,1
0xed31b389d20884e9ab89f14a36a01d1a971b608c,0
0x4cf1fdf836d6439111261fa1e280150332f4a61f,0
0x61dac0359faecfe0b39a52f892b40fd8b23f4266,0
0x540f17317e58afa89a24c89c5df468affab64a09,1
0x634e27269a029edb2b70b5ef43273f5eed9ebcc2,0
0xe879b523ac03ce8ea419357c9a34d5b51a655652,0
0xd7d05bda4bf5876ba1254b3eaaf8b47d2f5676eb,0
0xf3dc6c125e756293c3beddaa5bd9c2c18ec88581,0
0xa1af877b17af62b54e3248c3adfbfbe91b115873,0
0xf0c8d4a441235ecae29b44d68488cbdbc4549777,0
0x4fb488b4dab74e6d50dde561345b5c108b24a655,0
0xb983471f53074fd8ee9960e7bec389ec9dfa0b3e,0
0xbc391c376400555e43e79cf74fcc0e44ada94fb8,0
0x24d530c0e939f665e535f30d3858c1c3283e8d28,0
0xae3aeb3ba06790bc2190b38cc968de8ef6356ee7,0
0xcffbd9e9005db779ad2a897ae7b4ec16e32cb6ef,0
0xcd63bb3586e871611cc60befcadf8e56bc7aeea3,1
0x90e56ba8b857101e85de23845d9954f49ed68077,0
0xe0151751a8354d41b22e3adfde60929fde247dc0,0
0xb7605bdbe8206f0817a5f1413413d4944a4f1ea1,0
0x980f4331c1d4188d4cf876bef10fe946de70478d,0
0x2feeb86860b42bfd84d22111d360246e7e9e8257,0
0xb1f873cb2cd0c818ce8b0a7d971f062808a47425,1
0x37314508aa54d240742eae3c905b2ffc5b89446f,0
0x9b393a12fb9dffd4a49fe5a27d88893a230ce853,0
0x6022c6c5de7c4ab22b070c36c3d5763669777f68,0
0x2eae96e6bf99565c9d8ce978b24c3fc3b552dc7b,0
0x00000000357646e36fe575885bb3e1a0772e64cc,0
0x78270d62acfda886e4238f38e108449e7f767229,0
0x989135bb77a68a247c318d63e9d6d4f0be815e83,0
0x6073bb242168bb152f510c299f2f0b08643a0392,0
0xc8fcf92e0ad8d545bf5709bb5ba2be5fafdfe85b,1
0x6622615d7926c84f770d449c784850999982191a,0
0xc6c58d71e9ea31d9237f4f794455641d4938bae3,1
0x15055424b064d8206e4a43f4f447daf68f43218c,0
0xa0a3cce6068a735e20bd047cde6bff19f638ae39,1
0x0ba0d4399c80fa14a25f91b1584ba59823b12c2a,0
0xf6276830c265a779a2225b9d2fcbab790cbeb92b,0
0xe554c84c030bd5e850cdbd17f6583818b8de5b1f,0
0xd88e4822687d0f9c73e296296ed3ecd0a193dd46,0
0x6678bb2a94097f5046ff179a9dcec5be0985745b,1
0xe1358ae1a9130bc458c8021fcbb7ef8aedd51487,1
0x74ac4dcf0c5ff3199495042bc418a6be3ccec984,0
0x211deb5c0a28a213fcf5976ac22c70ff96b9004c,0
0xf8f04b23dace12841343ecf0e06124354515cc42,1
0x772cba2f87f92e95bb8ffa96187bbedebbb484d3,1
0x0a530100affb0a06edd2ed74e335afc50624f345,0
0x537f20db32a2da3252ddcc922add95c69711dcf1,0
0xa341d53e64198cba938465236d1b3d9a929e0732,0
0x53d6fcc2424c7deade5c5615b7df3c196e8d267c,0
0x849019a489c3c26c7a7668e468be81a4d132781f,0
0x3884eb0ae2a04bce65b5b0ca9c1bd069cbd52c66,1
0xe1388626c8de5fd7e5683a83d8da6a34153e9b18,1
0xe9cf449a925985242ed60d0cc02e3f355b21a88c,0
0xa15bfc50d59d01e3da0e634ef31bc8f1f1bef58a,1
0x3cdfa426726347a728b8e136bd33f914d3cc6d1c,0
0xc773762a5473c1d935a5e854ea1e507663d77928,0
0xf9d133dd9bc6b031da5da26cd8362ced8444a9eb,0
0x3b505511a928c04423df358b8f1fa7d231fb2a49,0
0x396dde07a94920718fdf7af11ea1eb3741a35b28,0
0xb06568df1baeae91dc7c007f6190f6155e79a57b,0
0x2a2aa50450811ae589847d670cb913df763318e8,1
0xf4b54874cd8a6c863e3a904c18fda964661ec363,0
0x5ad2120169cd5155f213cc3b58838e545bee1779,0
0x3d11b2189ad65e0e91e2f2b0e07cbc05ddc75b7a,1
0x2da95f7e0093ce7dc9d9ba5f47b655108754b342,0
0x3c2168de4386a100aedb89b0213e5f8aac6b956c,0
0x77a77eca75445841875ebb67a33d0a97dc34d924,0
0xb6733d021b561f711f0490c7021500332d6d33b8,0
0xa249de6948022783765fee4850d7b85e43118fcc,0
0x0036ed1e6299bb586ac70ebdfa336f06714a9556,0
0x0cc4682b1465bd3bf3b9b13dbd310a1f37c7500d,1
0x65440e4ce8a9a596a20ec8f910dfc8b1a20c5f7a,1
0x9c286dea9b48e15fcfa764a37dc9b9d11d7df8e5,0
0x44611f2f1e5fc866c06062f9ca8c2bd452d318e9,0
0x12330dc239ca6c353c37842126fa7d08ba5b3d06,0
0x94b528763fb16c7d8de1fcd4e751fbe487ab3c7c,0
0x70f2202d85a4f0cad36e978976f84e982920a624,0
0x53344c813fbc35890a7304187dc920358b5acf4a,1
0x67fa2c06c9c6d4332f330e14a66bdf1873ef3d2b,0
0xa4b87749b143b13f58922135a99e2d6c48dd32c2,0
0xc0a1f89bbcaddab4b736e786b6b16c67bc92ed35,0
0xe3eb996e7906cd882ccf6666f362962b037a9779,0
0x48c2f36fe44d3c0c1b4e0e2634c0984e1bcf739d,0
0x85b794252e7f1b2b24392a5267ff2086c0c3d7d1,0
0x26436e73fdd02adde8ae7ab61fa660d6f7926e6f,0
0x3018a3eab048a0a1c15003b383a181f089a039cc,1
0x5a8ffa5f2ce95b3a397bda16ad84781b6fde4f8b,1
0x2008e3057bd734e10ad13c9eae45ff132abc1722,0
0x414bca672494b8f078112c52ae258f9e8de1a4a0,1
0x651cbc26122ff6042a65e3ccf73be34749795759,0
0x5ba53eb789c7f017fe3cd8027fb01c5eeb81f697,1
0xe3818504c1b32bf1557b16c238b2e01fd3149c17,0
0x99ce5e01c2df56eea36989b58e38ab740452da8d,0
0xe4de70d24363ecb2550b4b9936139c42cf44cbb9,0
0x50f73e2e02fe63f669fb3320960aa48f42cc99ef,1
0xdd85f02e149f26dbd3678227ebdc355445d0eaf6,0
0xad638296f8348a9d72d5fbecd7b7d941d2889083,0
0x3d212ea8cb9b5795a374956cdb193eee7802c37e,0
0xbdadb7c37428c6ff2be8fad4ca026cedf5d67fe3,0
0x0f10ed377d8893e83cfc84a49085f89cb5d817f7,0
0xb2920a331156fa0cd96c70f05aed81220a37e937,0
0x48ca1b283148a9c90bb443c45360f1dd19b47f12,1
0x1afd952269873fe009c7bdff5f07fd91605a7227,1
0xaced90c414006b622a4b1ce74fa34b1f650ab319,0
0x61792f290e5100fbbcbb2309f03a1bab869fb850,0
0x4e48b77320858fc33a6f1ad2f15163a3b0be89ba,0
0x08573698b2b0aaf07f16395be3d3530598c0d972,0
0x6b80bbebc52d0b1fa4c349bf45a68aa89cbee75e,0
0xb16f977f52f69a04c56e21002b9974b8efdd689f,0
0x9682f4a6a3786c1db1ff7723e88dacd60f677d3c,0
0xda917961872ae8e0c8b96f6925a4d7cc7b27aea3,1
0x505c02b4aa1286375fbdf0c390ac0fe9209dcb05,0
0x8b799f3da4e7971a676fb616ace798f71d49cea7,0
0x6ab9dca785e4a8fe7f716302dfbc0fc3129407f8,0
0x5874548c51822da642661b235e101d6d636b6feb,0
0x4a792df7795b32c77a9b35101418d9aa133d0629,0
0x69d1ef860246fa242041bf1d784e8cb43e2a9b07,1
0x596f83e44d6e62fc886222afea468e14f4c3fec7,1
0x35023e391159bdd27a46ae8b6b97a89c467d2b61,0
0x5861ca85ff382db3561456ce2061d60054d53a0f,0
0xe7e7a309fdda75dcce5b2bdd3926926894355a59,0
0x75339bc10044e888b8635178a5752644a61f5217,0
0xf1aa63ad7a897ca02cab6021513ee0a86820153e,1
0xfc8decea972435b89be675996b6bf825aad06f9d,1
0xf403a2c10b0b9fef8f0d4f931df5d86ad187ae31,1
0x2acf7db66b767a431acfdfe9f8834ddf5835c53d,0
0x611fe161f207306ac53d058edffad9d34bce0bda,0
0x521a5c58a8de82e051c641fdcb5a21fbec17ff24,0
0x6af6c791c869dfa65f8a2fa042fa47d1535bef25,0
0x994e9a9646e9f261965f0469187becd0696b1dde,0
0x8817b082d8a428dbf326468d9d4a1f0103e32943,0
0x711e10146e6c00f18e2805cf165d9bc5644b9dbe,0
0xef8a2c1bc94e630463293f71bf5414d13e80f62d,0
0x9163bdd7de1fb782e24c4b865a3acbc59a550f8a,1
0x887c21b357adbe3cb54b99ad5b607086e2abe6d2,0
0x2306934ca884caa042dc595371003093092b2bbf,1
0x8dbc20fae8a51b035be3f22162ce962cf4ec9c60,0
0xa0dfe883e38a4e793d97f275656264e045b96587,0
0x398bf07971475a020831d9c5e2ac24ff393b9862,1
0xb21cbc75ce038bdd536227c29395d01be0d45d9f,0
0x982082453bdcf680004125884c89e2ae8483faa1,0
0x9b8eb09a59a180e7798fbe7e099c8c351ac56af0,0
0x820fa2199b16a32c8dd28641ed3ca85388b1ed04,1
0xc53af99a9a508ebf7c5ea04bf3cc252e675abb10,0
0xeb411d5df13ac7020992306e78955fb7cba5f260,1
0xb268c1f78ebb9bae865b3456291e8433c22ef743,0
0xd907bd07813ba91a9143e7c98340e53755d575a5,0
0x8d89633169ddd88879a98a22d9d3d4cc0b2a5a68,0
0x1efcba7f1fa38819b23c303e905c1a0bf51e45d3,0
0xd42aef51fcb311b0c551233812e7f3d3aa998e3b,0
0xbd29d94eeebf1d50544cea16a800946e186c0aaa,1
0x9d43c34a050d5c1a865b09993a0d1d04ec4432ab,0
0xaa6eae4fb91df553291160f41888cb0cf1f20948,1
0xdcef0710b10ad66bc2194b412fb37c65d4d0a965,0
0x3474627d4f63a678266bc17171d87f8570936622,0
0x7421c18f8ea6245cf1242c335daf2659927014fa,0
0x702d965332e3082dc976c3b4013cfe0e2c540bcb,1
0x143e8bd26d95b230680c25300f93ef56f86eccac,1
0x8b56ef96c1cc67dac0a57ccea197a2ef1568ad33,0
0x23433f70daf6047ded2479ad7cafc2b843fffd38,0
0x6642cec9d02e4e669103a3ed4f3505f437b8fe73,1
0x4411db7be552b487e3681e890ed14de9a9b24f7b,1
0x2282a327a9293895cacbce617b194e6031d6ffa4,1
0x66e88b42922916d01b9aec71dd334d7fa5fb526d,1
0x170b275ced089fffaebfe927f445a350ed9160dc,0
0x7b3ce17a14887d370195e43093fb0ca153889e98,1
0x27459a61df8610f1732108441679491bc8944f6d,0
0x31c8772dc63a3c63bbdd754a77b1b39331485df0,0
0xf676d83f0afdc3c61174fc0af2bde9637ab6ebc1,0
0x0318179601a70085aeb488f178b081295b65ecc9,0
0xd3e0f0e805f3fc592137df9bcfe61614380bf71c,0
0x45f2f43668fd1d77182233d7298337626f6993dc,0
0x4420974a2d98b8b5ee990fc4b32ca66b1c184100,0
0xd421eaad1f82beccd3d3ef64128241d30edcbb0e,0
0x78e0743b2cc9967bac4643d559a027fa53f6bc88,0
0xf97bd29b8ee6e246eb57eecf5d0e8486366113fb,1
0x00059ae69c1622a7542edc15e8d17b060fe307b6,0
0xb504035a11e672e12a099f32b1672b9c4a78b22f,1
0xe9a3ed88a41a34ed4cf8155e74f0e02145748f20,0
0xee462a6717f17c57c826f1ad9b4d3813495296c9,1
0x3791f657e8dea487dc07847ae10399e1872c3861,0
0x2cdb253c0e44a284f6174ae90b5ea247e6cf3649,1
0x099ca2ced330cea3cdce7355150495ae750c9b4e,0
0x62d85f7a5e5e53451d5decca6cd8fda3c6d9380e,0
0xc8b278d81268e07aa64ac2f09bcc00371e53fb6f,0
0xc77b230f31b517f1ef362e59c173c2be6540b5e8,0
0x80d3d7db98abd09450a99e8bbde9d2a1fb6b1888,0
0x4b922507b808d3895c2213a2b4c4720756b4d9e0,0
0xe06ae5c5ab3eda3a62918bf86532c7d87dbbc66d,1
0x93c67ed10d20a1cb535186e25b37c5bf184308c5,0
0x5d858bcd53e085920620549214a8b27ce2f04670,0
0x48662880680cbc66fb4c6d6d0e29865b12085ea2,0
0x7afd1f4a9f1ce7adbe194381d275455cc47c32e8,0
0x9b3eb3b22dc2c29e878d7766276a86a8395fb56d,0
0x0f170120733474c6ec7daf6ae6aeeeb8b645e92c,1
0x8f9a8dc65a423c7dec9261aa6010db738407c879,1
0x7a250d5630b4cf539739df2c5dacb4c659f2488d,0
0x28a5da04a94f0501a6f77df8f8a9529d27b92744,0
0x0913e0169f5129185c3934920d3cf6e5f56bd3be,1
0xef108a48e492b1cd6398048623c270da2d5b4036,0
0x7e160f5cf87e44cbe6b1337bb883f453445391de,1
0xd3ac627abdc1ce6c27c04b37c86e368f754f2995,1
0x6736c0a2f0b3cbbb6ab7a59988356f96a6b47835,0
0xd13b093eafa3878de27183388fea7d0d2b0abf9e,1
0x17b1483af95d942035a4b2d258771c56673af92f,0
0x72a1a639c69f8002f035a7dc231d634d74e6b86e,1
0xc106a08f553486985005f4721ef1611c3798e0be,1
0x90128b78241838f1719040773360af167c8f98ac,0
0x7b551d679606ee11862b0e9b2d354b53951fda93,0
0x69b5357d893fce82248e83ccd9b0871f5d5d9461,0
0x7340a86272757d25f58fa7a06dd1b2e53da7a7d1,0
0x681270b47af5bae73903401f168666dc5575393d,0
0xa57a1377df22f3e6d9a520943e96fb3ccd2209bc,0
0x8e22c4713896cf2b69a0cc1b206c8fad980db322,1
0xaac3090257be280087d8bdc530265203d105b120,0
0xbdeccf401541f51969c1ea3e9edaa1b2fc7cc7a4,0
0x9b984d5a03980d8dc0a24506c968465424c81dbe,0
0x461f0dee701da2991754e40ef031688cf4bde2b9,0
0xea70112f67e0243893e7cbc9b77f60d81da6ae48,0
0xb92aa4a864daf0d6a509e73a9364feba44384965,0
0xa7e4689645eb58bfe4d0658cd21d9db715f11320,0
0xf7d724304d99a29305d36bc073a89d44fd401e39,1
0x390365cef67dae207db323496d24f643dd3ae581,0
0xc02d4bd00f642d2821e4279c810dd7b6e49264f8,0
0x98a1208a9287e378d329225836b823481d890409,0
0x9b0033bccf2d913dd17c08a5844c9dd31dd34833,1
0xfebe90960bd08107f0af9672cfa42527e256e0ae,0
0x09ae3312caaa337c74e117f71a5d2a09ec77ad79,0
0xcecef42049490d56a0b52dfc9b74c37856b18d48,0
0xff73c2999e093300330e760d45ef4c6239898eef,0
0x4fece400c0d3db0937162ab44bab34445626ecfe,0
0x6683a4be619299c84ca1815bfd9540949b7bddfe,1
0x28c748535cc0c774d7bb046adba0c9d77e3b4c92,1
0x6946c3a405213cb52205019a56934d9a74f7c9e2,0
0x4165084a6e5388ce53c9d9892f904a2712dd943a,1
0xc8c97d9b0af219c2329a0179f6ab8c7a55b39fc1,0
0xe45f944e04a8e8617bb705e33c80b74e806d1e60,0
0x65491e583965edefd44c9c272ade17a3fd8e5877,0
0x2bf417fda6e73b8ea605df0f33ad029f8d4b795a,0
0x35f8078d37906fa4b4c74cdbb5855dc76e5b71fb,0
0x1c3e1bbc9cb9374df0de4544abca02136845b85d,0
0x49ffd53f49c833c05eb025ec14156303174e9e59,0
0x31537238bb5b237254b629bf226b566c617f182b,1
0xf2bad87c0d0ea8bda69c722368df4f79d92ee6c9,1
0x2b17b8927a8e9844b6ca11c5e0e818bb633c044d,0
0x3c9c9d7bcddfbe5b0d3b3b99791a7e7096419b33,0
0xeead01fc953aea34212d56014aa61ead16e76d4d,1
0x790f935eb7643f84a4a59cdbeed73655bb2777be,1
0xc7eb739e2651484daa1717433de1736a6529cfcc,0
0x7cf51743ed1bce645e1bb4a3619b73cc782c8de6,0
0x076a7c93343579355626f1426de63f8827c9b9b2,0
0x1368e088682b3ea455c4856297365542ca6828d8,1
0x5adc961d6ac3f7062d2ea45fefb8d8167d44b190,0
0xa838be6e4b760e6061d4732d6b9f11bf578f9a76,0
0xd27d76a1ba55ce5c0291ccd04febbe793d22ebf4,0
0x44e2c5e4cc827116ccc9c2d858b18b8dc3e035f3,0
0xe2827fe1930a364c5589f85657c6079df1490ec9,0
0xa62591b54f414eab47a676bd1cd5190d04135b88,0
0x9ab2b9bd7c70ba12757eadcda5a9626ac247fadf,0
0x45e41b3eaa6c243740c49c3ce5b7c033fc79aca4,0
0x1412eca9dc7daef60451e3155bb8dbf9da349933,1
0xf0ac8c115cc9234461d5445d13df66ac62f8464c,1
0x3cca17c852a99f30a6bb29e8a956d7bbfe69b6db,0
0x0389a06b028526b05966c287370bebefa0082176,1
0xe0531715e7c37cb8f7076cd09a4965bf032fdf94,0
0x15fd6e554874b9e70f832ed37f231ac5e142362f,0
0xde5886e65cbf1a9d21267f5ef7d5ed444cc63938,1
0x170c9d5638a504a271912a374a27c85a88ed2be9,0
0xc528c28fec0a90c083328bc45f587ee215760a0f,0
0xb87d20518c91398cfc85e8ca1d337d6bfd9914d7,0
0xe6b39dad6d7a50b233da23e510697422e9d6351a,1
0x9477f48a278909a94d8cd9480dfa85d07103f004,1
0xc124bf23b1de8edfb509d859e25259717f8346fd,0
0xf89e29fd10716757d1d3d2997975c639c8750e92,1
0xcaaca224e35d0a1fa3304a3c4ec8beb5f28a99aa,1
0x10753aeb1cfe93b257fa422c940668bbf765daf3,0
0xd6c54a4fe044a8c20763fd06c6a2e346c9767414,0
0x8b7c1450d435f2932e6a7225593d14a4dcf0372d,1
0xb47e3cd837ddf8e4c57f05d70ab865de6e193bbb,0
0x6123e31bf9384ac5946d3affbc830749c4999f58,1
0xbe46324018124b2d604c2f3eae91d3de9b388b09,1
0x33c7b7b5ac36eda76f500ba8c51ef1a1d2077422,0
0x8bfbdba9349a092d728188171089397da516b7bb,0
0x9d52414c4cc1fb8e7864a9b59495f430f8e5de44,1
0xd24c78b4915a0f2f414d994d847c95dcb90f0349,0
0x32bacc8b241fb172fee18bda32527126c6f3c5f7,0
0x6fcf1f24e39a436e850af22468e04bc0c0ae05e9,0
0x0532dd9ecb00c424c72335df4f60c11c03229ec0,0
0xcf401f31c63f58debfc76f441731dfa945cd0bde,0
0x1bbf8a80bad52c908403050868a4cc2dcf8185a6,0
0xc32659651d137a18b79925449722855aa327231d,0
0x6c3bb918a1242ba4e32908d7bf4addd7ef651e74,1
0x06e8327d86d90124453b634af3a16f1910cecabe,0
0x32ed5e3a9009c411b2435d7e3fa79b3ddeb26a31,0
0x964432e4cfdf1463167d21815bcf9463cf19ea49,1
0x518210ba4bee8d747a287a7bc26376b072a89761,0
0xbae94d28610c8cfd2168f7b97bc7cb0589803c6b,0
0xbe3e788bd11ab3070b5264aeed25c1976ab6ac00,0
0x3f60a98202cf7ac8be9afc077e6c28f2638009f4,0
0xe9dc0b715bcaf79cb2dc5a0c01db5e8619733ce5,0
0xb43c6dce7837eb67c058ed7bfa06a850b2a15b06,0
0x2816c772ebec14ca3c3d3d45fba8b35acfe07f54,0
0x9255ed258dcbafe165dccd93ea0a72f4ed88e24d,0
0xeb4c3266e1b295654ec36f16ffcfd24d3ef3e735,0
0x8d6824d40022c11bc4b0cbfb3bafaf1a3847616c,0
0x9a670a4e0fa4dc648d1c3bf9d999fe985c9ffba3,1
0xada5688293de408a9fa4cb708f9003d140bd99cb,0
0x85b139445d14d4fa1b4e619ed84af0c04e5291d4,0
0xe26bd6de135dff44fc6067f006904c8394c5bb1c,0
0xa079fbe0b405c161827ce597da9eec1046110244,0
0x1f0bb7eba2984e62eb49f019709f36014744442c,0
0xaa602de53347579f86b996d2add74bb6f79462b2,0
0x33afa6514ad44594b1886859165b9aa641bdaba9,0
0xd62edbc6cc15dd11bedb7422c43faeb5bd0845c6,0
0xee614809a82db44d743d2a7492fd4cca2d1948fb,0
0x90186a065b938443d31bd062ce51eaab95b53515,0
0xbe181da06d93867af0a3ffadcebe345ec35dae4e,1
0x6885be47eaaacfb80e6858b8ff00ebe2389b5d56,0
0x70bada9afadf5fdef08ca8e5db1169c039707580,1
0x5b42a479585eecffd714c423219ee9aa9a82e0a7,0
0xcc88937f325d1c6b97da0afdbb4ca542efa70870,0
0x5dba1444ac267ae2fb1bfb28fb71b8665f99cda6,0
0xbe68b4645ab798ed4db88192a444898ff4fda5ae,0
0x3178abbc96938f3c19ce6e9f4aed5be03d5e721e,0
0xb898ceae9b41ff87b2bc22a41e63755604fe4771,0
0xe02f2921742a6eec7ae44a18b1cca4277874bc74,1
0x821869502a659cf440f48aaa85b503685e34c2ab,0
0xbe87e87965b96d8174eae4e3724a6d7417c488b0,0
0xf79ab01289f85b970bf33f0543e41409ed2e1c1f,0
0xdda1a955543245213eae5aaaf05b45bc202908ac,1
0xf36b0f457999cbbb436eeb28dbb5944bfc3f99de,0
0xb8199a71c17d392298e3346d3fd675bfd8e0b661,1
0x65b81c19ab7b084f31adf0915b6baaa6130c6d26,0
0xe3b6638f0c1c0fa37282fab6ef9457e457a1e9a8,0
0x65af8c81291fb60a20235d9e4de80851f8f845d2,1
0x4639cd8cd52ec1cf2e496a606ce28d8afb1c792f,1
0x387bcd322bec21d73d7ce1a8eb9a8bfd9c91cc01,0
0x7cb602a82eb259138d112fb09bd70239cf691727,0
0x542a329374f0f6f3f855a518498b4abe16fae77e,0
0xda2cf810c5718135247628689d84f94c61b41d6a,0
0xaf80e6612d9c2e883122e7f2292ee6c34176ad4f,0
0xdd39457768927c7d13b7854931eb4e800fb1f347,0
0x1e13627cd6b6eae63a594fddd7d55528bf7e3b59,0
0xd1dd82d1ded8f40c200b89455050e9c18d918504,0
0xad86ef88e72f87ca2b4476d9fc4b0b0cbf1f3d8d,0
0x65a8ec2c367a2d60efc1944c6eab614d73453b2f,1
0x00000000daa80e2b0694604fc3644b0016dd56fc,0
0xf0ee885b3867ddf84ff1a8015e800e73d4193c0e,0
0x1f0b9db5bb0f2a60f8c8824cec738c15805dbdec,0
0xf835b307bc5348194ae01ed729170c84217ba688,1
0x5e976b687d902f13f6af33a5cb097440ddcb149e,0
0xaf65f7d97b141d230829842b3c89c671f90e88b7,0
0x39a7c26ada0e575d69f05dd6b8086f0ddd99e207,1
0x23f8a9d2e968f11de7dd506a0e15b3b67944276d,0
0x6d3b568225407f18f12742b488084cd9a69dafad,0
0x604d4f69e121178f6a91262edeb54c19c5e3b539,0
0x9ab4fd2234d75cfa894c394b367e48055b531e56,0
0xec34d45fde0836d50ac8438f8442002b588435c0,1
0xbb5f2b6e2bc6ffda7d325c8db66381ac5d2588bf,0
0x449c5c00ba3d28c9bed71c9022a1c227105f46ea,0
0x1b8fc6f937fd9849c9a83e0e4544e73af31884a6,0
0x48778077c1d618699256a979cbd3324493552913,0
0xe65c53087e1a40b7c53b9a0ea3c2562ae2dfeb24,1
0x3f7e197c9d3a2a3e41ec64d1994bbcec3f31b574,0
0x14eee554dd47e1812d4de1b450bc47ea3ca6565d,0
0x9b6fa3e7be94038c30d6ae0287ae0bd52f0578ef,0
0x0aed8ec79de38868c1070f0cbc33c4e670ca9b04,0
0xd022969da8a1ace11e2974b3e7ee476c3f9f99c6,0
0x98fd6adfbf79b83f675e7214f70c98a1b7101b85,1
0x2faa316fc4624ec39adc2ef7b5301124cfb68777,0
0x02e60accf9959be441b0c55783ae8cf04d57ae0e,0
0x8fd1a3ea61b1456be58e38b8c1bea49acb84b7fd,1
0xdf1e18df5767384dab716cb3faec129c0bf46a40,0
0x2872e9e9bcf2d31e82275e7256df3f77b4d59867,0
0xafbe141e5bd03f94f82ee9b362ac2e62c28ccfda,0
0x6f177b8a755addb932f344376e1c8c252ce7433e,0
0x0d1c63e12fde9e5cada3e272576183aba9cfeda2,0
0x037e8f2125bf532f3e228991e051c8a7253b642c,0
0x90a8ed56e469e16df02151c1c3273de3fc917f6f,0
0x27e079f1674b9aac6113c07915da16e5c9006d63,0
0x7fc74751ef749707b4968091d7ddb53ef7aa322f,0
0x52b7c8857be3853fa68e09d9ba7a9adf075040ea,1
0xf63600989abe81911c3b177e738d5b41c4d3198c,1
0x940a2db1b7008b6c776d4faaca729d6d4a4aa551,0
0xd3e2f9dfff5a6feeece5dbcee3b86cb375fd8c98,0
0x9e6dcb5c5a3f17f7400cd63ae6bec0c74e65687c,0
0xbb7ca6b11278a7a4ba103119cfdbe16d9fdb9990,0
0xcaebdb1bf9d6cf84d189051308c50f43fbbb2659,0
0x98f213d5b4953439f60b26d6b01d6b68b197fe55,0
0x6355e35920fac7efe5db951b942286faf798b481,0
0x064e2f3511f2399e86953de1acf54322bbdf9d2d,1
0xe7f06e64e0d04c6cfedf7e9079d56d0fb7200a2e,1
0xad4860e8eb6fda8539381740823ae493c662fac9,0
0x277b8f7b9930cfb6db784402d0ea552418bee903,0
0x688b71d1dcadda5055c390aa2cb9d04aba0677e6,0
0xaa324fd51f04b8083e161e182cfcc5d1ad647193,0
0x3c8ef342cce872c8ee4a41b8539b3ce95e2fe699,1
0x6025f88abb6d99d02c5eed82c151d52bac8e444b,0
0xdb0d31ab475f4841b35337c564dcb923084145e4,0
0x395604f1db081376d0fe5dc9f154d0946065ccab,1
0x1e4300510ef90de505ddbcb77cdc8c4ab3f6d7c9,0
0x884715e2dce8757c9ee19739c366b2c7c65f05b1,0
0x101d05ca634844075449115ab62c1f3a8ab5d040,0
0xd6e266d0221a2e7909fb7f9fd45a84d217e909e7,0
0x6846b938f9be9f1eeeb9bfd853636c805f8f54d3,1
0x8dc103a4864d4f6bab920e3fc9e3d48567bec173,0
0xa884988dc472d176bd1d9a7125d97f64dab5117d,0
0x1769d3ee1b2f4f18818f9d5cc5edab2da2d615a6,0
0xed59cf07c469f071fa1eb268f3b62d744ae572c0,1
0xc36454ed2b40adef7c75b9cef95b2f8010d3e0d2,1
0x95c8a1f33edaa7e17fd3304fd121f960a21fff1b,1
0x0000000000bda2152794ac8c76b2dc86cba57cad,0
0x8d923f3e3f1c1fc2a95fd7ed97e786755e80f26e,0
0x02f02e0ca8a521ef73daa9c45353b9fbefc5ee10,0
0xe7ac0bef4f191e7fa7e6eadd85bba0d839fd07de,0
0x7f64e2913511ceb3301f0515548ab7539735182b,0
0x36bf21c8e661b21e6166e4385f574941fdc6caff,0
0x2a650356bd894370cc1d6aba71b36c0ad6b3dc18,0
0xe6d0f4082dd103888228a60287e8ca9ae9516d7c,0
0x45eb33d008801d547990caf3b63b4f8ae596ea57,0
0xaccd41c82caf1916764e65fb93ff4b091f18e68a,1
0xbb59d46f16e8c9572ac1160c52367584b0e2e2de,0
0xc14777c94229582e5758c5a79b83dde876b9be98,1
0x459f90b6e8dc23bbf1ff4c2f22aa2149b4bd4cff,0
0x5af9af89535d0b0fc43cd4b9c69f5662fac4c8f8,0
0xbb8b0f6a802e58506024498e438a6540f3a7bfb4,0
0xc66499ace3b6c6a30c784be5511e8d338d543913,0
0x4d9a6b21d527d83ba251109406a0a55c94047f1f,0
0x8e669833c68d337043dcad63fd67b27571e3e741,0
0x8c0a599d3ff4d3344cb93ae49247c11b645c5e44,0
0xca72d68b2be12eb7b44e0dae988ef1fdae611337,0
0x111cc94a5dabdf192c5106fadc844a98b0f56be0,0
0x1aab203736f025a63751041d9b1c724f3e78a854,0
0x689169d5c51ee19f277cb85e881f04c3c823cbca,0
0xf45717552f12ef7cb65e95476f217ea008167ae3,1
0x7b65b5b95391d6b3d77031a889279376e27572d5,0
0x5d4d57cd06fa7fe99e26fdc481b468f77f05073c,0
0x5250776fad5a73707d222950de7999d3675a2722,0
0xb692dd4601d26712c3d6ce2e2cdce077989486bd,0
0x49c5cd3b1ad9718db6e275b1b3d81c459cb59a6a,1
0xb567930450b78d0c1bda82bde363abe2fdc3102d,0
0xbae226690d7dce1da1823f0bf811529b8229134a,0
0xae73b38d1c9a8b274127ec30160a4927c4d71824,0
0xa148e5e74f4243e60392815759de70a2105fa0b5,0
0x2009975970c8c8b8ed05f3cdb65571c7d1f6acfa,0
0xb91b114a24a1c16834f1217cc3b9ee117b6c817a,0
0x6d56fb76d62bbb01cec94612db6bfad81bf65f3a,0
0xfe3c4f1ec9f5df918d42ef7ed3fba81cc0086c5f,0
0x1c3e61c8825bf58303b1ac3350843faa01de22bd,1
0x202bd96042127975114d8b2b1f0ef429a235313f,0
0x85dd50bb40b7770564d35d71b0c6eaf3ec1d9603,0
0x8822f619a9dd64d17caa3f5ca1b257808f7369bd,1
0xf7ed8596fdc3ab3d08df89936a84fcaca4359aa9,0
0x0160ab3faf146f346b2cea49a7049d786aa1aafb,1
0x07efd6e390222a45af4a25d0ce31c7710bf605bd,0
0x4e3bddd468abfc6c88bc25daa5d894380ced5bc8,0
0x7adc805873b7fee8b94304e725f1e36a181c6d8d,0
0xdd6bf56ca2ada24c683fac50e37783e55b57af9f,0
0x0d1b68d4d65f6ba3f2b9600d1b2682d98e055a62,1
0x42c2ef80c2d5b59f7adc3ed56f53e7ba09c58141,0
0x4bbbc57af270138ef2ff2c50dbfad684e9e0e604,0
0xea24a873e32eb93c13aee7526eb5e430c95f4219,0
0xbb5ed1edeb5149af3ab43ea9c7a6963b3c1374f7,0
0xf9533353c20495527e0499ac71e1507b418b9314,1
0x95115419b09e8cea70a9bdbca3fee8c5e118b228,1
0x3d017363fba596f739a23686adaa91d65aac2d4b,0
0x19fdd6eeccdf4bc30f363f63af44981c1f6a75c4,0
0xf04436b2edaa1b777045e1eefc6dba8bd2aebab8,0
0x9a3fb36bf72a387fcc821a38ee9f50f1a0eb8cbd,1
0xe0ff829cd4909e8e8680e9e0d9189b479c3bc5b8,1
0x2444973040210cccaad6010c64763d1abe06d8d0,0
0x0fac98902b1ba4faf3424d19137ffb464ced802a,0
0x2f59bf2779c9ab965ca6bf63f5eb1504c5b36d38,0
0xc25ab34e7f3a1eb2c6a3a23df851f351df0e712a,1
0xb710dd76923357aa7f6e37dbf2fc47a64afb245b,0
0xd79b4c6791784184e2755b2fc1659eaab0f80456,0
0xd0ff11ea62c867f6df8e9cc37bb5339107fab141,0
0x923108a439c4e8c2315c4f6521e5ce95b44e9b4c,0
0xfe75413e059eecf6eb2b92f06456276e8596862b,0
0xb6346b0cf3925b8758b5d98cd19703d2c5239e99,0
0x619543d933f7c39f1344325ea821db64d5e3069e,0
0x6b4fccdd888bb6fd3934a9e49ef64dfd2c0d8e6d,0
0x9f5e9682b9c154ab835bc51351bbd94552e12d6a,0
0xa11e4ed59dc94e69612f3111942626ed513cb172,0
0x70a72833d6bf7f508c8224ce59ea1ef3d0ea3a38,0
0x4a96e9b57a229d94c0c28950355a72fa9e70aae3,1
0x7e0c7676be340ee8efb4321abfa4634a7abfb92c,0
0x19fb7020381fe9197bf841d5034d5467fe5a3c93,1
0x99d982e49bcb5465a6b4c1e0ec4341c912d9ba42,1
0x59edd9c93576bb0b09996c7da47a62e917c6caa9,1
0x58455560832b8da11fe2746fb5e1cc3894b5efb7,0
0xcea855fa322f01f15a965f55cc6cdeadb9ae59f7,1
0xf65d90c51fa231340ecf5c4e3022e594848a805f,0
0x49f9d76642a88e09b9665b7b2efb47c298bdc27b,0
0x92d9a4d50190ae04e03914db2ee650124af844e6,0
0xc505ec146a29274aa5f15c63f6760795aaf7a02c,0
0xd1613bfb12c53bff3fb19f6a8bc69c4a3a6cdf2d,0
0x2a7d519923afe17ae7422646aae3b202a17dd8b3,0
0x3214cef10e5c194ca547735863fe755fc4cbb78e,0
0x19397c7fde68a3b33503d491cac89011a5d9a61f,0
0x37a41d9f7c94e5d13fba30c59f28cc0e803edce4,0
0x3f1850a7df82a50ec34ca2265ba843d728fcf41f,0
0x2c3ba3407aa5650aba7101e20bd99bc5f9b0e4d0,0
0x1a746a2228ec6ebd432194b03d0c3f38429c8ec7,0
0x6609f543d38816116fa5b9a98c918ca947f5455d,1
0x4ac00f287f36a6aad655281fe1ca6798c9cb727b,0
0x7de087d5a5af0c88f40014f48f821bdfc7c54fde,0
0xaf12b1b76202fdfd9e584e2e4e230250e8eb8494,0
0x9642c1b4f9e2d1849a1ab7820f9c18c5cd25fc54,0
0x9aeda3956100fa20c258f52bd076ec1cb6f78079,0
0x1f36f2249ec89266ad4ee4351538148aaebc72e8,0
0x072b5669721559546bf484e4ec76087704b0d4a4,0
0xb0663608d5b9f472f9ca63edfdfcb65f5e77c728,0
0x84b38b58fb3ba399d44efc3d8e5f71c555e6aa66,0
0x74956d9744340a9f127d1bbffecef36d93b80baa,0
0x90aa6fb2c2ab2c9e3fd5634c054d636c708cd5f3,0
0x4a58ad311da0baae55e23380c84c85e6fff9abb9,0
0x5473311d1b728e6c66b71923e8efbd491ca5d435,0
0xcc834a2d56994b90bd754e34555e39f89953e8fe,0
0xfe3a6567a25d74b3a7f10ed49631502806ed1a17,0
0x38845dcb97972078cf16daf1d0b47d81b777f6d1,0
0xcefe8f05f7dad74ab2bc1dbe0ccdc172c2905cad,0
0x693aa8ead81d2f88a45e870fa7e25f84ca93ca4d,0
0xe90ac11b7629b662efd16bc88beca72a6f0cdf4d,0
0xf2601c5a063c6a6ca86d8b6bd0543158f83a10ce,1
0x3ed154e1d39ec872721f7183f23df3bf91674681,1
0xb260687cc277c0bff48c9c482c16bc62f4eba927,0
0xc2807533832807bf15898778d8a108405e9edfb1,1
0x7bd83b818fb88239a8ece4c95837dc5746af32cc,1
0x495a8b1fdba38d726e514e95b4f1657c69fefa0a,1
0xe14417012f306b89d0138fed7a04a134c978d5a2,1
0x8dc2c980d25b586c5c110ec3c477e985b9acad8b,1
0xff567f72f6bc585a3143e6852a2ff7df26e5f455,0
0x9cb2f26a23b8d89973f08c957c4d7cdf75cd341c,0
0x2a22012d6eb68f9470053ae71ff4b2d1594a7692,0
0xe45f73dad6af24273b361f02c3749f13c2231080,1
0x4e1833a4a67ed1c8cb0ffc541ab7291c02d2fd06,1
0x0e3d1baadd3842f86558abce38348c377bf1f352,0
0xa6ba0996684fcff6167128a13c8b0a1648310e6e,1
0xdb63d40c033d35e79cdbb21430f0fe10e9d97303,0
0xe8ed983e88f53dce6923af2eeb167633944cbe1a,0
0x5ab80540efb902cd7a0daedd044779c5af3c3c81,0
0x1d82886f997d0b124dfab342558bc463299c8a6b,1
0xddff022e4befa69cbb5262446a8ae564700bea24,1
0xb20bb2780a6ae9e399e805ce4f60321245f7a0db,0
0xd6e91857090c901f3b96d6df7cfb3b41f8673942,0
0x311c65dcbe025ead81cab2925b81489123ce2eda,1
0x56a7d37b5252b057aebce6d65d2f87e49f1e1dcd,1
0x7e97c48497a8d650dc030744b74c81e29816f8e3,0
0x0b1f025593acd090a6c9b754e6e46acf88e89646,1
0x1c1469f4f95f253070636314d1c760bc8e8a0b99,0
0x16a4ff536001405f2b0d7ddafc79f6a10d024640,1
0x64043a98f097fd6ef0d3ad41588a6b0424723b3a,0
0x8fa7fbb0144cea832a76547aeab1ad8d9e4588f1,0
0xb8e2adaa6857e74baa3efd84320614c832588aa3,0
0x2cc6b19d86e9afc5462b6226bb9339fee96f662a,0
0x846c66cf71c43f80403b51fe3906b3599d63336f,0
0x103d0f815f47211835b60a0a72aa4164fce88c7f,0
0xf973170bae0da0e08a48587123492e42582d835d,0
0xd6f6b91d29c2f3f48b72ae1c9b962094f37c0f93,0
0xf0cd256f2d12b6043e5fbd23a19f8fc47f6cd71b,0
0x0f7a4c36b5ee28e581504e8dfa62fa83a11ca7a9,1
0x9b63e5599f8d7b70f96da0700bde1b4c0d7f35a9,1
0xf93ca51746ce6e1cc2485c534eebe71ae987a7ad,1
0x86be2e7f080b8444b89b1ffb5aab0c8e2c8eba3f,0
0x21857261ad06753cee383716e87422168102a453,1
0x6973c24fadd0bcab33ee5cb325c8a70e81c67c20,1
0x324a48ebcbb46e61993931ef9d35f6697cd2901b,0
0x32e996a5a0b6d93c457bfa70917b08622ccdb3f4,0
0x5507c26225a34eb0d1873b2b2f37ad94b74196ad,0
0xe7ad8f43b5d79de44aa2e7cada273ce487e3a657,0
0xf0931cb3dcf6bea3375779b531fecebb8f964259,0
0x890bce348bae449df3783ba0e1c7eb82c557e2e8,1
0xe2fb6529ef566a080e6d23de0bd351311087d567,0
0xc27ead2d333d73db43323ebd2d7f1dbced1ec812,1
0x7c1d82a70285f11bffe5de9053f93af9d270c411,0
0x00000000c8bdb2c7db23eccf7500efc3c2ab7b99,0
0x9558111e157ebe693309dc29b35d5b06df5c786b,0
0xf4ddcec51468e59c7919cf04f0d5507b73b372c2,0
0xec422c3cf98192d9f9b8b5c5f0ab0bb04fc88ee8,0
0xb1d6b7bfbea65cd5aaab5315501ebf216c2a4448,0
0xcbf0bcfd862b1322820e01cda064a0684e929d4f,0
0x7b22938ca841aa392c93dbb7f4c42178e3d65e88,0
0xcff5e190a3d92e480a8bc5b414362c0d1afeb54e,1
0x24692791bc444c5cd0b81e3cbcaba4b04acd1f3b,0
0x65a8135596ae13c0dd5c17ba1059c61bc42d3b2f,1
0xe52b6ea97e40ae1619469dcc1e7711afb960762e,0
0x9212aae431d079adadf1041be4cf2db4a929fe63,0
0x829ed6d9e4afa8b42d8bcb5f16650bd42348f1e6,0
0x55fd5f3595683916061af87d69a765c6c94a73d3,0
0xfa1bcd27da169c69bfbeda681c2a8277b8e08171,0
0x7a121269e74d349b5ecfccb9ca948549278d0d10,0
0xdd499857c8539bef04477b52782be6a9fbd3c82b,1
0xa9e20fdd18c792f302e273b09aa142984f25ea64,1
0xb0111e70d54d1ff1dae4ab6ddfaf110e25887396,0
0x716525973aa2f59a6bb80b001f089da754b2c3be,0
0x6c722b811ea96f2ea89436aeea70a3bcd91f669b,0
0x8b807cf49ca593c4678811211df2992e64f2f3ef,0
0x7cb57b5a97eabe94205c07890be4c1ad31e486a8,0
0x9f4fd6c336388f2ab7dc7bbe4740ae7b88b880d7,1
0x06abac6fe0e49e57763aaa79c0d79e3e42c1894f,0
0xa7f976c360ebbed4465c2855684d1aae5271efa9,0
0xf91446ead6aadd4321602b5790a6db4d6f2a1930,1
0xa8692c55aab501da3931df536ad4325f5af4a75d,0
0x2157748d894741359281253188130c2d615fadc8,0
0xd7bb68b0ce5893983e5a2511b87e083609eb6ff9,1
0x72f99362fc6120cf19e0b572823cf07f366b12df,0
0xb1f51076e8bbfa8e303892b36512fc46ec2f622b,0
0x2c50a2931e4dda0610aa95c18e26895ca8985bc3,1
0x164cd8bc19402c7bd49c2a97d5248310d7e1ec02,0
0xd0576c23585324e9050ab92ceb92ab5b527b2856,1
0x1098aa6de456713e11f8a3abff02a21830350c24,0
0xc8cac7672f4669685817cf332a33eb249f085475,0
0x774057ce5efd143e28f13cc75186edf685370c95,1
0xd244ff971a90e3d44593e0dfce3c67a8df0a1eb9,0
0x02745ad75e786f0b2efbd99504e22c3cace354c1,1
0xa6447a49dfaf9ee34327a42649a2bf561879811c,0
0xce3632ecb106ec5f2cbfb49c89a118058737b5a5,1
0xa0db4acb24e92167341320fcd882bbfb641cd12d,1
0xe87d279d090df4ba19c0e19958d9ac61be5c6909,1
0x9c45bce7c51d3900d6cb7025eea9c3b0675c65c4,0
0x780c98cbb0cc21d6617c05332bd5cf6f847c71c2,0
0x4c5651c4f59b3e92e67d993b7b969f9af861380f,0
0xa52db128b8983429cfec2cf28c20041ff6256a23,0
0x7c9fe4ee9702c109ad26fd02ca2d1de1ad49157e,1
0x21696b4a054b72d7d115afc9e8ca4c75671b4496,0
0x1a0c31837edb132a9312841b9527e6307db13509,0
0x9f8f72aa9304c8b593d555f12ef6589cc3a579a2,0
0xfd2eb46ff56d785b64f1567e53083819c7f0168b,0
0x77ceff4173a56cd22b6184fa59c668b364ae55b8,0
0x1985365e9f78359a9b6ad760e32412f4a445e862,0
0x9311f7ee5f48a807d598cdd68f43cd4e73ffa747,0
0x39ab32006afe65a0b4d6a9a89877c2c33ad19eb5,0
0x5463ba63ba23e62e666354aaeb85a838afeba010,0
0xd6b3d9e44f767f0c178f60d24fb186ba49bc444a,0
0x3325439082ff8ba7371dfdaa1af297bbfcac21b2,1
0x0a9f693fce6f00a51a8e0db4351b5a8078b4242e,0
0x2022333016038ba71db889ecd182ae9dabf1c571,0
0x45499e42378e9e60a6f1b55d5fb480de1739a5de,0
0x12b41ccb279be18c000517c6a97686e6093b2002,0
0xe33f363351186e185470f35f6deb94aba44347d8,0
0x316b13b951efe25aad1cb565385b23869a7d4c48,0
0x0e2d93f7d50844a5203eb3dc9c5860f970ba5664,0
0xeef338c585ee3cf674f717937f12e6f52accf5e1,0
0xc9179478a6605f78365f3c8c4c216b995a245008,1
0xa62b5f23f4b3ddc20f879c3ff58d4b1ef2952d97,1
0x8014fb4882b1f99a3e60aece1d39400560d986ae,1
0xbc7942054f77b82e8a71ace170e4b00ebae67eb6,0
0xa7eb2bc82df18013ecc2a6c533fc29446442edee,0
0xebbcc1e995fd41338eff305807d0ded8ea2363a1,0
0xeb19d801221384d20b842d04891e47df09aab911,0
0x8018d7e183e4f50a1cdb68083ac308c56f3fe4e4,0
0x4d9d9a22458dd84db8b0d074470f5d9536116ec5,0
0x59b8f851e1a433a7ece7c8102aadb8ed2c19727f,0
0x7a6e7e6ec25d0f9b81b9817f7975bfc8a58a98f2,0
0x108d0f1fc10ed324f8cc65d0a91cad11cd4994a4,1
0xe0119982d0abdc2ecb8fae49e098d148265dbe1a,0
0xee87fcb3b7d1ebe916193321f54cfefa41c1604d,0
0x371850498d1bd60d67110d1d046ffabc10f957ec,1
0x456c4350eefd17315713b265d8be8b6063a5fab8,0
0xab1ec397ad92cdf7ed3ef2f2b4b454cff1ca74cc,0
0xe91843ed2071f12cb4d3189742d40668a6ab789d,1
0xca0060316065540dcbc3845aaf460d52c2aa5875,0
0x24dd6e1fe742bd8fd3a1d144fece1680f16296aa,0
0x96036e9b51f03cabb6fe30daad1544a73f795efc,1
0x4bf3e4d2378a1256cbe1cd1c2a8bc9857b811282,1
0xe4988bc7e3273f9357128a23088b31bc4d26ab9b,0
0x6ec8a24cabdc339a06a172f8223ea557055adaa5,0
0x829fe69f1fea3305c1aa0c1873b22835b87200d6,0
0x33d9a2a17a237c4815586b099f49bce0005a927f,0
0x20bfe54dad0f3f938788e10bf68cc36d444a4210,0
0xda5d135b0f508adeeadcc99f5e27081031fb725a,0
0x41d6d16524b0fa908324230946bdf44dd68a61ed,0
0x1c69f3ff23942ab53680235d07c4b6c97eff3040,0
0x848bcb77c97d449312ece071cd999e5f0d30f849,0
0xdebb91ab3e473025bb8ce278c02361a3c4f13124,0
0x1bb5744d22297075487edbf9dc3f89d2e04ebce0,0
0x9eebb2815dba2166d8287afa9a2c89336ba9deaa,0
0x536a6ba0d913d5d6a4ce2c6eb7ed0de3c0f0b89e,1
0x3f5d8e4b7a68f30735de6349c37cee1fec9f383d,1
0x6618dd109ee9dc93026ab36ab6ab7b4fbde0411b,1
0x9279d4d65dca0744365c4424c4023dc21897a80a,0
0x7f5e64489e9bf8ea093d73c479921ff89b1c98ea,0
0x1952df0143fea65043bfb7865fc30cf097db8374,0
0xa3d4d7df3988d48c48728787cb5910a8a4cc4d26,0
0x89c2352cb600df56fe4bfb5882caadef3e96213f,1
0x13558bf8388617ddba62ffe3e85ad08b1790ff92,0
0x457ca82795ae2e64337fea3196b237f54f3d9d17,0
0xf346a9884bf8f858848268fb9d8ab31dae4b323f,0
0xe83bec388d39278031c9562992b3fbcd253fe20d,0
0x1f2fd70f64a1c12b03dce8ac827eb55a5d4bdafb,0
0xe557091b7cc2b0bf5cdb9d1e7de1ffde0ef0e59e,0
0x3a415765db8bda5f97583ea212fdc2ab5e939f0c,0
0x44691b39d1a75dc4e0a0346cbb15e310e6ed1e86,0
0xe9800c0b73a71be61d49a61fa3b2320ee524fb3d,0
0xc32099b24ca8a03dc3334eab7b6c25b334f92ad6,0
0xaa06e5c117dbe8bc52dbaa18aaf447eda556b13c,0
0xa7c5fe3fbb37a86705049796faddccfd4bd5ff3f,0
0xda65ad3be569b69febd3dd41e8feec9ba5f8dcf1,0
0x72112ee2f2cfb1f8494e78e0c3166a77fb6a2d24,0
0xff35866acb80ce4b169d1460cd48108955c1c445,1
0x94b7d24552933f50a5a5705c446528806dcea381,1
0xa984a92731c088f1ea4d53b71a2565a399f7d8d5,0
0x277aee1ecba0034d24b9dfac5c866ff696fec087,0
0xc01e504a13be6dfaf3c3624cd847895047d087d6,0
0x870cbbd204d5e2317c60374888e4b6be3bfa092b,1
0x24c613bac796c04bfd0647d75d836cf28d0940ee,0
0xaeaac358560e11f52454d997aaff2c5731b6f8a6,0
0x08d71dc572fee3fb25a7a3e70a17900bae96b718,1
0xa942890d7fc60f0d4a516f63dd273dcde72ae6c9,1
0x1afdbfde88bd0189cb0479d309b3794e99e3d53f,0
0x162ec99bfadf85d72a1cb40c480f4470f21d3760,0
0x039cbc5d80f78aa4708aef80d3cd99dd37953512,0
0x6db5757a3aaa80903a779507c53d6de981277aa8,0
0xc72f33b813f1f22006b2d609de060ce7c41ab63b,0
0x60f0ee673e413e1c134d1497eeecce8ddd2fdd74,0
0x0c7d5ae016f806603cb1782bea29ac69471cab9c,0
0xb331728743d45a6470b8798320f2c173d41e4bfb,1
0x313f29ea49a9e6ca3b3e254335d4ec32ef5045f8,0
0xce5b23f11c486be7f8be4fac3b4ee6372d7ee91e,0
0x796336599295579648bbea9122f5349cad386e89,0
0x76464327a9d1c84a9d98cc4ba1f8159fe0dcb264,0
0x4cecc1f93b3b9fcbf87ec8b8817274b21a27af02,1
0x8275ebf521dc217aa79c88132017a5bcef001dd9,1
0x12345678979f29ebc99e00bdc5693ddea564ca80,0
0xa3c675bd2c473579e0d5ba4161a25c50399089a7,0
0xb5dddb7879138e567dd2c94a76341d5aa3562a75,0
0x2001f2a0cf801ecfda622f6c28fb6e10d803d969,0
0x158a96da5dcd1ade84ac11ac952683c0ee3516ab,0
0x29d621f863d385f959822e618466ee181d4a1057,0
0x49ceb57714000f18f3749cf2d130e135f9c473a4,0
0x1518cf262d4273d0e987402a97345c3dca1cf731,0
0x30b0d22416075184b8111c0e033fe6f33e6b7996,1
0x8a204a8b16b641fcb1a651c75cbbf927802ef63e,0
0x5982d7d437c0af4483692f990fb3022c2912bb9d,0
0x83b1bc0dce6430bc1246d891fc84bda800c94330,0
0x6821a9564f2513c21eda78a688512962a5a65c9e,0
0x8a628e600c9e170a73cc140b5f5770bd05f102e3,0
0x9432f91bfc2335b0485aa4967d0acff3e34ae134,0
0x24ec083b6a022099003e3d035fed48b9a58296e5,1
0xe2b7d18eb4a6358b78483ff095408f240a96596e,0
0x0137256e72edb66e5d9c5b1812a6beba06405e15,0
0xa29092c5bf434b5f94c2c3f8e895af04b4c8ee97,0
0x27f58859615d971ff7c5318840c0ea2ade4b188d,0
0xd88aebf8ea65fd5b467ddebc9709a8008ae4fb66,1
0x4f05de977b234b323e57dbae2e9c219627970c49,1
0x12b19d3e2ccc14da04fae33e63652ce469b3f2fd,0
0x05f4a42e251f2d52b8ed15e9fedaacfcef1fad27,0
0x2effe9b104b85b45c18342373c6e79b6d5ed8938,0
0xfe75aee72700ff0e0742c00d12acf2724827fa00,1
0x9176a610d56c72c57e3bce5bdcbf2b400dd63066,0
0x11ebb7657054338c58c076cbbc527a0df927c24d,0
0x082e6d22225a6a26ed3cd35342e6722db31f42e5,0
0x428472c5664d079eb4f035d872801241a4e8a4de,1
0xe2fbb05e05f5685188f3f91571b4e0bc3e1c2040,0
0x148f173e363f34755f4f97a13ab53b8b76ee0500,0
0x7be89932f94e449b1dd105360188ac1b278c9c55,0
0x422cf367028de0d3d5af9a7e3cb62d6acd17165d,0
0xd6534762ad87414945d1fa66c262366248e67e5b,0
0x609e209846e3cd2363905df9fd85cb4b47a0755e,1
0xb5eb498bfeb8fbf2bca70f061c5de095aa6f4039,0
0x810c99c5de0a673e4bc86090f9bfe96a6d1b49a7,0
0x70968feaf13299d0dbf78f66860bab9dbe3856bc,0
0xca03cc32bb8063261aa6ff488b89da5b0f8a487e,1
0xce02537d0a36ef63f7b067fac1f0eb2bf0a4182a,0
0x4375e7ad8a01b8ec3ed041399f62d9cd120e0063,0
0xc72183973397d8dfc77800878c58727858ad8ce4,0
0x03ad838d4d962fa6b187dc10e8513e595a32f889,0
0x7371b37a352903bc62cf8a26e8509fd5a3bab98d,0
0x73f76fb521799305111d6846f03fce037a9f350d,0
0xae592333a0584b4e601bde467a77d14364a9ef08,0
0x94603d4a41856bccb75cc3603af19fc161a7b6b6,1
0x687bfc3e73f6af55f0ccca8450114d107e781a0e,0
0x20f1ce2ece9b82fbe501cf4ad62dd7f7dce52534,1
0xb10ea0d397db942a1083a4af9c6074ab63bc8c8b,1
0x6e9186d909297c4c3ae154dbacd3286b63cbfff4,1
0x268bae65dcbed10d20981cd04b872a6e4ce9ed5a,0
0x0444f06a52320af2df7e60d1923080002838ce93,1
0xb63b95c33b891cdc01cc1456412e58eb8bc74571,0
0x33d5bd926d51c5e4582592817cdae16586476968,0
0x19b452c879c7b22495d3f88760d4c21a6e3fb9d4,0
0x498c0cd51be543068287c2302ea0f67889ad13b3,0
0xb208d048380c3a516e745499d57b5548b0e6d012,0
0xaea15ddacceacef757d3d79b613cd11c55d49bac,0
0x02fd82cba3bae39484d5eb7f75b5f3d5f418c691,1
0x723dff0e27cc38b80556f5e05dfdbdcb721654d7,1
0xe19e5f100d6a31169b5dca265c9285059c41d4f6,1
0x1f57dfe115c608a3e9610bc751ea68e176053361,0
0x53ef8b0d2e69d65cc108f22d87aa5157839239c2,0
0xed2725cdfc48a24aa71d9b9621d431db0705a55a,0
0xf7a1a5eed7dab1a7bcda127b43dfaa1ff1800888,0
0x099764910a38190bbd317857e635e6f461b11119,1
0xb7e253fd6a3bbb018ce6aa041514b21f0e68a9c8,1
0x3cd11ab189af4f9b627547283f03e73ede433127,0
0x233fc2be20a62e36b06abf97eae78a1a8f6181dc,0
0xaa74c85158be3cef42140a2d59c063862463c703,1
0xea788fc8313c3c84810489cd7724f3251da624a3,1
0x24b232d46aa73d581ff3d2f662a5b855a0de510d,0
0xf72bc30671ac2361bbb0665f243162adffaa0307,0
0x13cb4f608d697d104ca9be1826f838d07fb3a39c,1
0x8c15ef5b4b21951d50e53e4fbda8298ffad25057,0
0xdbda390ff13caf297ff95b4301834ba8a35f5f16,0
0x57f1887a8bf19b14fc0df6fd9b2acc9af147ea85,0
0xaa2b1a311c88968b254f3e97b59dfbce10f38931,0
0x86204681a6bd7cf336368e1978f64ee801e141e4,0
0x472d4827266f0e83d12feb52f785c7e22ab5f0b6,0
0xe65c7e27c1c086f26ce0daa986c3d9c24ef3c2d8,0
0x61383ac89988b498df5363050ff07fe5c52ecdda,0
0x009bb5e9fcf28e5e601b7d0e9e821da6365d0a9c,0
0x75a56ba889d26b28ca81d71f56dfd88286285a53,0
0x54396b8d18f8cc3a8e9aea735378afa54cbdc18e,0
0x685ed390b16ac9df9ab9707294a42a107cfb62af,0
0x5e6b6d9abad9093fdc861ea1600eba1b355cd940,0
0xafdc9d2c0898bdfb666e217f07206c46adb6b681,0
0x59a3b625ee9f31dbc9a5f45b63047237d4c87d46,0
0x16ecc82b4e3e5ff5a4db8510ed191282a37639b0,0
0x387424d6647135d4da317bc89302a828f0ac0cad,0
0x3a3a65aab0dd2a17e3f1947ba16138cd37d08c04,0
0x3aca783ca0bd7ae06f4440bf58d3a75e425ec3ee,0
0x72088c9767f55504157159fab3fa1de8d79bbe3e,1
0x8559b5fecc877574726f6add16dd8f5dd24950e6,0
0x6710cee627fa3a988200ffd5687cc1c814cef0f6,0
0xb09bed9e75fadfe18bb607577d28f83f4f1ad67a,1
0x25b6325f5bb1c1e03cfbc3e53f470e1f1ca022e3,0
0x04f2e7221fdb1b52a68169b25793e51478ff0329,0
0x3726cc0cdb26106bfb297ee6697da2a8687f385b,0
0x928d12b6537ab5f7486101375b0715e1facea1c9,0
0xa94c7e87e212669baee95d5d45305d05e6b8a28f,0
0x41f2d5040726c5328f8366f17041ec012ac8f338,1
0x12b62fad1f5bac3e3653d05422c4816b91a438ad,1
0xca346d7550ad8796b757a9a9f00616d56474dd81,0
0x2523bf3d8c3f447533fa51ad8401875eb8587bb9,0
0x85705c152b90a636ffa84b00736c2d27f982fdb9,0
0x48d1986a5b96a06305aa21bd8fedd812126ccaf7,0
0x66f45e7769810dc140ef2a4143530f9f78746685,0
0xc0d9da090194d62b2027e4009d9123de399ea7bf,0
0x91b9d2835ad914bc1dcfe09bd1816febd04fd689,0
0xc898df73ed5c6efda0815cf697a0922c92c3dab9,0
0x6d38b496dcc9664c6908d8afba6ff926887fc359,1
0xe25c208bbef3ee313e841340e91db2d873f104cd,0
0x51c5807dd8398aedfcc91e6483417838b41eaeb8,1
0x955427a36b5c92edee90a1448bfc7e854e9caef5,1
0x52e8ebf98ef95d373d29041182830bf13c52588f,1
0xc86144528e5fd4df57d3753c82c4c078892bb781,0
0x87230146e138d3f296a9a77e497a2a83012e9bc5,1
0x7d7415e984f21da7b2ccf7253e3198e7c3ab8dce,1
0xb389812325f8ce85192c067d8f95beeda76439a1,0
0x49f053b866c33185fa1151e71fc80d5fe6b08a92,1
0x35309e0e5e86902fbd53d2d0c2f25da9f3842db3,1
0x6ef982f9e7f09d4bf4a70398707c82970a6dc31e,1
0x30536f575f91e6845c16ffb8cb19e0d995d916ad,0
0xdc84953d7c6448e498eb3c33ab0f815da5d13999,1
0xac1565e473f69fada09661a6b4103fbbf801ceee,0
0x3ab274f835d1939d20d0bbb72a1fb513d7a7a675,1
0x548c9731ae163a73a28916eeb11717fe446dab54,1
0xec6dac8357245808608aacf97346762468e550a3,0
0x479bed65685b0672ec2ff8b0a8fbe06b4ce0a710,0
0x61b2d3ea9f1c6b387c985c73d40e8fbfb284e5c7,0
0xcd2036f6185911a6fc37d927b41a5d7edc239c10,0
0xaf4dce16da2877f8c9e00544c93b62ac40631f16,0
0x6758b7d441a9739b98552b373703d8d3d14f9e62,0
0x1a7a145c6ec5d76531591f8a25ebf90f152c85c1,0
0x49f4592e641820e928f9919ef4abd92a719b4b49,0
0x2f665527b0a8b3710adcde917220de7d6b68d67d,0
0x47876ad41dd8feefa2eb2e0903d5b944029a2dd7,0
0xf44745fbd41f6a1ba151df190db0564c5fcc4410,0
0xe74e7bf8ecbb8f89398764a23c2a4fc0f8e6343b,0
0x3f4dd010fbbc9a9b6d95f1f53837d7e9f3befac8,1
0x799a4202c12ca952cb311598a024c80ed371a41e,0
0x59a413b0dc16a6be63b351bf4dec73faa6850bff,0
0xead43fdb6099faf1b372c153edb94091babda90d,0
0x5870a2e13341463f780a2fe16f5444d087825b87,0
0x93aebe50a59dfd4c1f7ed56f5177c6ced54a33af,1
0x2261a56324031cdfdca2011f34740d22174d5e5e,0
0x4480451c0aad4b97e837465d3ea618f976970df0,1
0x7448404e282a15723d19fce55444a1b09bf855d3,0
0x3296294a172d541c548819875e027b5fcb3e4a85,0
0x703f0116bf2ef4c80efac751a319f097fd2dfe6c,1
0x1a3139caa6c660547d37857a4612b3ceaa41c19f,0
0x1bf2302694b58eae6d7778ef44a1f1928bd77687,0
0x95d34980095380851902ccd9a1fb4c813c2cb639,0
0x41acf485dbea7157498e2035cf4e3e728cb1aa71,0
0x7327e44e045a7b1b17fc429aa441b65a8f31b543,0
0xea0822a17b62bf1be91fa8c98154ce42a87589ff,0
0xefc9ba892c557ff541947116040cbb669b5c0a35,0
0x6108f963512eb5632499aa78f39a24fe66b29de0,0
0xd2d64d3758928a09448d6a865b8bd5f325777876,1
0x10d2f250a30dc78f3b418730e6aae4c1cf695889,0
0xf87046beda71bf66c54b74b25ba4b116d93bdb85,0
0x37dcacf50dfa4a1b806d1d7f1318c9717fd3204f,0
0x5ab3c82a09bb9202f679ccb48d5df27136b0c127,0
0xc2ac61bc8645e5571b433b2af6110dbd2f094d05,0
0x186ed770eecea82def7c92dcc077c4ba27acd5bd,1
0xaaf8c293ed36989d1871d2310b2845450d885673,1
0xe91c62dd0552a6d3c4076fe0dc31059af34032de,0
0x1b9f0210fc86481f1a14f31a0ce58bed1fa469ee,0
0x263855ebfe85a1532ffd3ef21dee111378be8514,1
0x94deb5143345ec837f16d1144a2a109d648c4e2f,0
0x261a306677d90a7a6017f35d440bef3abdbaf6d1,0
0x1deeda36e15ec9e80f3d7414d67a4803ae45fc80,0
0x233252d702744b1b75defb3fed5755cae15c07be,0
0x8454190c164e52664af2c9c24ab58c4e14d6bbe4,0
0x1442a8fd038e0253ab07fd0e6aa70413d961f315,0
0x280877fa2f2c45f1a954a8e07173bae2a6a9a7c2,0
0x587d6669a2743a1d6094f150006f56f85b5aade3,0
0x3450bc589d93bad1b1a48f8013289ad52f6bacfd,1
0xdc32ff5aada11b5ce3caf2d00459cfda05293f96,0
0x4eaf6dc24529c8147350ca6ca1097cde5f9ea663,0
0x258d778e4771893758dfd3e7dd1678229320eeb5,1
0xef7f1aae6f60de9f353dc170a35b8f7c7814e32b,0
0xb07ec2c28834b889b1ce527ca0f19364cd38935c,0
0xd7cee74893c363afa35f85aa00f4ad7796770ee5,0
0x3da62e9f68ee89fe8cedf8719755c679e596829c,0
0xd09180f956c97a165c23c7f932908600c2e3e0fb,1
0xcb6cd204d783dc8d66896a6def5867d332228d7b,1
0xa2c0946ad444dccf990394c5cbe019a858a945bd,1
0x85169e1f0d8c2f27dd44f1cfbb81172dfeafe7c1,0
0x8d66df717faf06c07b5d3e53ffd3ea66d612e150,0
0x18b4633d6e39870f398597f3c1ba8c4a41294966,0
0x4114fb8b1879f61b18f7d2e623569a847a03e15a,1
0x6dd5d747ae12a1223e455e6da97e53a374e82fea,0
0xd6893da3dd6dc91b4957d2d74737c6726f1033d5,1
0xc581dc3ac2bd252db8240553c5be8c31e8a01d7b,1
0x57f2bc650a88996bb91f911d2e644f7a5779fec7,0
0xdf5b447874e542db09c8d9c305c45017de791467,0
0xff3216f86a723f2c23b03b5cd1f622eb1a204159,0
0xc4c3c4eff1bf0c4bbf1f19783b46ec146e2fc63c,0
0x934a0a1bfe01eeb4415689d8e66e56e3f1f13077,1
0x0f72714b35a366285df85886a2ee174601292a17,0
0xe5df2a30f8e48c85717b9397b9b0acaecf344ba8,0
0x6eefae076aa3a4f83cecde690672d5735f169ace,0
0xaba49b563feed7f617ae2fcff86c3a6e8821c387,1
0x573b7846e365050517c022a70c5f1bdca76d58ac,1
0x9828953884b857380a80d177c38d95aeb42cd34c,0
0x46154d54b073ed1f5fc11ac8bdc0a8318003d604,0
0x64c8b3f5e6971330486f1e7c223c9ebbd6ebe4b5,0
0x2542f9c01b9a1dfb26ab56bc246e67058f4a0d10,0
0x6c87234cc7962d03a1cc4e5fa62f939f532cb7d9,0
0xe1a1ee035cff3a830bc236ff01cbee0c65ce4c25,1
0xe350a2c0a482654cb35b8170588c2e98f921b0f5,0
0x1dea979ae76f26071870f824088da78979eb91c8,0
0x49d716dfe60b37379010a75329ae09428f17118d,0
0x3b12e1fbb468bea80b492d635976809bf950186c,0
0x8af8ad861337456375604d482d9b9594540c7611,0
0x193c1127104fafa62e8b94d533513f647c78bb4b,0
0x2e94867c5ab030ff3dec8069ad1aac2de4d9e363,0
0xfbde2d49c82f7ddf5dcdfbf221e159d7ce471928,0
0x6574c0bf7f3d144f5837acc160773ec8f2a5cde9,1
0xda34503225099be6756d62cb717eceb630eb2ac0,0
0x3720b72c4f0b9f2d684ecf04c2945a7100c56d8b,0
0xd4260e4bfb354259f5e30279cb0d7f784ea5f37a,0
0xcb05ebbe2062f063493560579bb1d612d73d7c7e,0
0xa7135d0a62939501b5304a04bf00d1a9a22f6623,0
0x01c0987e88f778df6640787226bc96354e1a9766,0
0x3bafb3af16203c817ee9208c6b8a748398dae689,0
0x0e7e5374f6ec469a4020d8f673e382e0442bbd23,0
0xa5407eae9ba41422680e2e00537571bcc53efbfd,0
0xe3d474f3686a831bf380498d1dbd57fdf972ca30,1
0xf1290473e210b2108a85237fbcd7b6eb42cc654f,0
0xca67e92833c2de6bf3a444127fa0c60092255bf4,0
0x9dfe21123478a9d02b26d5cab2a5c995fd173f52,0
0x8ef3f1b43e8b836d08c5ba083844dad825833ff9,0
0x16430b21aa4ed2127ea6b96a6cd53375cd1a0924,0
0x56288db47a268810fa49a505044919af82e9088a,0
0x565a093f3230ade853c45c5cd7c84344e75b4393,0
0x6bde1aa61ce9646defd92db9d1fa138e9ab89774,0
0x71a25bb05c68037b867e165c229d0c30e73f07ad,0
0x5fb3d432bae33fcd418ede263d98d7440e7fa3ea,1
0xd1ed0243437914c9c00e052e13c09c7d28db441d,0
0x0ebdb778b88d73b2c513b53849724d8f30363cc2,0
0x3dd4dbb44c437b5100b24a40594e52faf6c213bb,0
0xc14830e53aa344e8c14603a91229a0b925b0b262,0
0x93efcf86b6a7a33ae961a7ec6c741f49bce11da7,0
0x614857c755739354d68ae0abd53849cf45d6a41d,0
0x225b825a31e7a14a675332528c628c016ab182b4,0
0xc2c63f23ec5e97efbd7565df9ec764fdc7d4e91d,0
0xfd6cedc50068922120e0da0ea42fddfb9ecd7eca,0
0x0a7493f31a23ff79eda30b12e6ba49f011b06e36,0
0x4e344fa2ac01f1fb53b388fad51427de170241a4,1
0xa79b2c8eb39dde841bd1981c48e012eff156ba5e,0
0xd96f6687f1b86892e932d68a2d3130c41f0402f5,0
0xc601f6938c75c4ca03eaad570701d86e607771db,1
0x99bcd209b97d31f363afe65cc46dd47ed7bb2c4a,0
0x3528c164e3fca20e2333cf58ab4b1c99def83347,0
0x4d6c7bd06515e66adf7214ddca8ede4fc1c3c6f5,0
0xcee9ee01d48050415f1b104277bd493c5dbe645e,1
0xb547027a4ccd46ec98199fa88aaedf5aa981db26,1
0x6fb3e0a217407efff7ca062d46c26e5d60a14d69,0
0x876f2a2526c124fdc064b1401e72057db093421d,0
0xb3836d31d43d315ba74c21aad3818f9378256152,1
0x2a3d1267e0c1c6546d1aa80f5dea1fa03440211d,0
0x1bd913bbade46bf5ad8b1e5d117701fbeb078228,1
0x0619ed1187ecad8d089269ce6c21ef12c8c0b72d,0
0x4bffd10cf632e6c37214d19fec8c343ed0a7bdc5,0
0x2fb5b06ae1c170ca17e820dd1870b13dfedec5ad,0
0x50c6ec50a89a946c5886aeb54a22fe732558f7d1,1
0xeae6c55570afcec8fff6dfe866dd142369b87251,0
0x197e45d545f4da0c3f15002222bcaddd9d3d7d37,1
0xb197af2df029e3367316adbea2f871fdb011ccca,1
0xf4907e9873863225d7d82463f910f59574e0f412,0
0xe2f6b401aed7cc3f98d88ad44fce181971fb32eb,0
0xde0dd78bbc51cbd9c919aeeb017bb6529038f396,0
0x8272b2cba64d44d1519e135cf17f41f536c248ce,0
0xb181a7834edc1dbfc7e6f6dc0dd3d54b01255b4b,0
0x9b226970cdeada0026aed50d02e4a0dd37c92b6f,0
0x7fa4f8d1b089d79b65bc35805726a380e0ef4c1b,0
0x14156ae5a89eead93fb4f2117637fdd2634c9cf5,0
0x1492cdd605d91658f228eab14d8444b60e6da8df,1
0x54c5a50f090e1f4c2cb732c35a52c8fccb213e70,0
0xbed8b65cd0b0ab5e1a52b3622a7a800033af373a,0
0x0f1d2925c2840f3d15cb6bd1a1f75e1d5de41d90,0
0x0545ccf9b65f97953168f2c08cf47646b6f80ac5,0
0x82aa987a16deafd8b4fab73ec316f94f4df43020,1
0x1e8cd1222d2d4bb34f0b3b0afcc978b825b65139,0
0x7004518a3bd00f2a7c3b0a3a8e60492ffcdde013,0
0xcff9cb72d19c10df754ae7be6d280e379cdb2354,1
0xc176b7afa76d57a3fa7050442f4fe7f1b9755d0a,0
0x1a099e2d91f537fae5523f57d182ce522aa9780c,0
0x833e8e3d15a2e275548f81fef74c6d46e28b4c9c,0
0x772954310d202a92519f14db92623d5ede78164c,0
0xb33f5f5172fce076e9355afcf2529982260b7a4b,0
0x47f9fc8d3d3faf8c686dd112a288db6c4912a078,0
0xdd581eb0779196c43f64084a84f98dd496626b71,0
0xea30d20bd3a5b57c1fc8beb81adc1f3d93dbab71,0
0x1caf06803963a66420aa48f9d92219388c894d17,0
0x0371a82e4a9d0a4312f3ee2ac9c6958512891372,0
0xba751bff276907c438e927d2c2f18de574195e4b,1
0x93ada935f8fea45c7ac043ecb6a3c61458d91c2f,0
0x2c0c06dae6bc7d7d7d8b0d67a1f1a47d6165e373,0
0x577d6886fad02e5fb15b55645894b1ae14228ce4,0
0x2060928137cf414e6d53aa45a1bac4484cde5756,0
0x60ba8afcbc08255813e97433d2d98312b2d09c97,0
0x7b9e81ec3591b570aa2c9fbec77f7dda76ac4f6d,0
0xeca487889268895c298fc287d78ae9c8e4e46ca4,0
0x5f9385d5f4e27c17d9b56a2687e56415083f0eef,1
0x3897c67c39f3b163c60e436677c24e08fc73822b,0
0x637ff298d1bd4159b914c812f4f29c490f8833af,0
0xa9206e4e269fae224c5140f7c3ae1dab458369d8,0
0x81b81da5e48ca11f6bbf6ad64371c1638cdab7ea,0
0xf2fe041b99cc26153063227246eb00e01a959262,0
0xfcfd458a064ba2f2e2a5ffffa8fb13d45d07c9eb,0
0xd5bc1de8fa494faf0719d28db264fdce6af755eb,1
0xbd806a9a7ad8ce9d36048861dd63a295a3c9d5f2,1
0x5289a5b2d9be8076315c538c330b0da368f1002d,0
0x39d24136e961054a585c69f570af209ad8464d45,1
0x1d1bd550197c7c0787b9ad0aea9c1cca66ee0e90,0
0x6745dde69632ea1820ad6781d0a49b9670472837,0
0x847d12559c0c20a87b2db40e79ad9fc1c58f686a,0
0xb53e08b97724126bda6d237b94f766c0b81c90fe,0
0x99f4fe26f9b912d51d084973ac65810b1ad2183e,0
0x0cf0ee63788a0849fe5297f3407f701e122cc023,0
0xb9131e894259d0d374bf189ca640ffc472a7d143,0
0xba785777de1f6d3706753842a12940c53994abaa,0
0x807a3ef8a8dbdd7fc9863df695bbe8691e450e8e,0
0xdc3fd5cce7b17e461c692ff34f22fbd4b780b151,1
0x13b7d2bf5e1a72938facf660e0d0b270b0e1fe16,0
0xa05554fa940043c7ba191b16cbbe404c3f898f48,1
0x88f4fdc54c6558c79d2315ca8e1ab90ee3122e84,0
0x11acec4762979df69fb537aed5a88b7af0381e81,0
0x7baedcd6582370fc712799ad11ddf7758112f186,0
0x535bfc6883442f2ebe26171c2716cb25b623792c,0
0x5e39a5d846dfda5c66538ce9ed6043e42089eb0a,0
0x90e7ee03b2f325e12b26b9860e5069d582fe557c,0
0xfe4478dcd52d8c1308de1960463417bd74425a24,0
0xa931f4eb165ac307fd7431b5ec6eadde53e14b0c,0
0xbd6a40bb904aea5a49c59050b5395f7484a4203d,0
0x8a0e85901849b40a7f80399a00f7115193c0bdb2,1
0x66dd88e18b792d731d4b42b17e9fb675a6907396,0
0x26704b175f336fbe81c3581605a587ca15ad144c,0
0x57d8b41c0f22c39ba2934cfb038f4460904e3fda,0
0x301054c38625bcf29de51a84a7a42b5b95836aa3,0
0x0bd95cc8736750d0f63492f903ecd884c585dcd3,0
0x1abc65765fd0df7d997635ebe3027384bcf7923e,1
0x765fc4a49dc4fff7c30d4ca64df8652a61672a3e,0
0x5c6d9a1f19cf402a261922b41b3d24c5acbf109f,0
0xb15970c21d3fe0ed440980b056ab7fa7acb296b1,1
0xb3066179397e0c85f6e302dda17d14e7f03e3fdb,0
0xe05ebd94ca833855133f63190d7fb2d7ba640462,0
0x9a925f57bacdef5ca5d13ecf08ba9ee55a9b0585,1
0x6a4b8d74403a7b60b4f3557e7500564e31abf0b3,0
0x3608ac31a08a0bb07e0e30389116f2bfd3d12f55,0
0xf67b829397dc05751a98f243dbde5db63f86e7f6,0
0x8676f2dfd06ec780ea3f8fba65a29110a56dd830,1
0x47a03f5bf46bbc95cadd4a5311bcead23597d4e8,1
0xc6715b8eed812477be1e634c3a6e0309f10da9a9,0
0xd69834f67b2f5a760617cc9a9bf5ae3a3bb256c2,0
0xa9fa83d31ff1cfd14b7f9d17f02e48dcfd9cb0cb,1
0x491ab16e93834d8c91b6528c8deda16b64736cc8,0
0x794ecf3d86271d3d5efd64b49e46f5b70680373e,1
0x51170b18bca7896b49c52dcc18e66e5c921e100f,1
0xe4ffd96b5e6d2b6cdb91030c48cc932756c951b5,1
0x7f1d1c0a0c3a5ff6f5523b939b769b9f88509122,1
0x1a5dbaeca260678e5647584fb2306e2b3b53f257,0
0x6f444af44be5c398f57a2016d191e01ffd8f6931,0
0x33498ee6db368a8344a4a8d2899c631e99adbeae,0
0xf8b358b3397a8ea5464f8cc753645d42e14b79ea,0
0xda6786379ff88729264d31d472fa917f5e561443,0
0xf5f5e8c926395653811f0fc350cd5135a26db9b4,0
0x89fc9b1a86f416b62936c6fdea6e43456954b476,0
0xfe2b2f134f16d209d7acd92b0b9a628cfded275a,0
0x1ea3ecc937bae79353d198db2cdab1e5cbe625dd,1
0xe59f48389ea48d5ec081cb1cc324ff866fce9dba,0
0x28a40acf39b1d3c932f42dd8068ad00a5ad6448f,0
0xa8cde321ddb903bfea9b64e2c938c1be5468bb75,0
0x31703401aea648c30ab29fa2a01eae02527edd19,0
0x86035a913989d8d2bb631c0bd7657983666168d8,1
0x410cac201ffc0e0e4c179d926076d25bf8bc5b92,1
0x61d8b11c05b637f913e3f7f957223400dcf20925,0
0x8e10f088e0a046b2467f89114520381f2b5d7873,1
0x65088f603a0998876efe5a786fa64ee13e667e0b,1
0x80cfbe26cca322411f9f005d25ba54127618fcb0,0
0x7894ccf2997c8c89a80b86faa012d09d53ed48b9,1
0xc3e9287e2c028ebbae2001f477dc22ede80ed829,1
0x6c00887f34c017aa1febb9e5da8ef9d0cb264c2f,0
0xf1ed3bc17420edeebf1ed8ceff3d2a8919cd2522,0
0xa4f5dd69db954c71587173de7d5d7dd330111766,1
0x0cbe2df57ca9191b64a7af3baa3f946fa7df2f25,0
0x0a4a2413d7c604647c7788fd3564b3c54fe06763,1
0x67e5c7e4aa2c05d9ffd6b4b40d284989b4cb2be9,0
0xcba7b30af6e17ab71f89cccb886ae65f7b212c56,0
0x175a60d43604bcd2152755bd69f98ca2a3838172,0
0xb2dee8cf2a06fbf0942fda5521f890b6e9911bfe,0
0xa98f029bb4e74c12fb07bbc25854e5a04f7acf4c,0
0x961c4220fdd546858bdbe4d2f4e7503f46ea55b7,0
0x529b8b4b62b5f32bd47412988a0a66d72f86ba00,0
0xd1fd1fe54ceeca913c88d661b46fe9beb083ea0f,0
0xa9d8dc2ce593390efd717a04f2bc0203351774ef,0
0x721e3d8aa92d1f26936f6945f176415f66a88588,0
0x701c244b988a513c945973defa05de933b23fe1d,0
0x83e2be8d114f9661221384b3a50d24b96a5653f5,0
0xbacc0a58ecd510597cac918344137c7fb49eb9ad,0
0x0ef4cb562b0ce673a9fc960e7c5743157544cbee,0
0xc83caf102846bcce72c81a1d22d981756efadd31,1
0xbaa65281c2fa2baacb2cb550ba051525a480d3f4,0
0xe1ce0d73d51ee5c1cf7da7b666768e3704f0946b,0
0xb101f0eb0a8938769d4c3fd4f933b11627ca3768,1
0xc8110527a0b803c0ba15456861d720864915b6ed,0
0xac1699e45a39ffabf3cb0c3977bad35765eecf9d,0
0xc4740f71323129669424d1ae06c42aee99da30e2,0
0x70305b080efc49eb5dfb9bda78aea516c398f804,1
0x06ad9bacc335d658550c3be1fd1a2972f0ed6efd,1
0x2b7896200f627fbfebd3227cc7548d27556100f4,0
0x111111f7e9b1fe072ade438f77e1ce861c7ee4e3,0
0xbe048ad04bff4ef943d0e971665b60f02013937e,0
0x1bb6123913d0b48948de38c3b75fd3eb3b4fe7e3,1
0x9c51699b4cd43ba4f6bc81d70b21291b63e6d130,1
0xd9576d158ed2417758e8901dff7ea308180b3fde,0
0x9a0372e4cfcc787e0b6010ab265e14f6ca70b7c0,0
0x01390fbe18c3c5ae9f91b13ade67d19bce75c5e1,0
0x0f3d5562ca6084f7d59ce10dc5ab672257573de6,0
0x1e380a4d4a6d16f4b5f873c2d58f34344013b1ef,0
0x6b1fb08639acec6ed415bacab6453b523aec7d4b,0
0xca53e73938b5a3c484331b50d9f67aa7c878ac76,0
0x0f26c26318872e8fa85dee5d30cba45ed53b3d3e,1
0x177d39ac676ed1c67a2b268ad7f1e58826e5b0af,0
0xa674f17a211fb2436908dd6c995efb5e737cde62,0
0x9b62513c8a27290cf6a7a9e29386e600245ea819,0
0x467bccd9d29f223bce8043b84e8c8b282827790f,0
0x320e735f4f13be0c9a99ce871463eb1f51354857,0
0x5a63eb358a751b76e58325eadd86c2473fc40e87,0
0x002c97933d0976dbcf51c0e8f8a3e64d8fd9d296,0
0x7c695ad16da482820f8bacfbdc7a10b35d1bf7a7,0
0xc0f0db6c198c101e486cd0a1aeec62620b81b90d,0
0xe43ac1714f7394173b15e7cff31a63d523ce4fb9,0
0x97282a7a15f9beadc854e8793aae43b089f14b4e,0
0xa90357f657d07c6ec45683ead6c22377cede8acf,0
0xd06f80a4b932d7247aba4a85decce6c2458c0654,1
0x44c30d0822d4d295b0a05fce2528e15857586c85,0
0x7a18cfc4a36e48163034e51a9ed19d4bdea05f6f,1
0x80d9c4f6209044de069c545f68644419b520a02f,1
0xa0f9fb2170dc2d181ef8aaf3571dc441813e0154,1
0x67f41953b90966257c71f6f271572399dfbfe16d,1
0x902d0d5bb6a34307bbd1da33e61ae1654b6cbe1e,1
0xfdfcfa5dce03a67fde31d674784312bed25f0b90,1
0x5e6dcab4f8edbfc1537b804803d831e5f42d8f3b,1
0x4e57d350799ab7282eb2d6ac5b7eac2dae9ec661,0
0x60d6ede5cffe06f117d003b84c962d8e44ceebcc,0
0x0e5e5c1b981a20be2bfade0b114e5fe7ba6eff7f,0
0xf39729a98d936199c8260af86018ebf21ed8f846,1
0x728781e75735dc0962df3a51d7ef47e798a7107e,0
0xbacf2e665b37f713c159705f59f5349f78858c2d,0
0x815bde5591933ad1b025b6a34462d7ec02c71710,0
0xa490730ce2a97ec9f81f08fdb0eede36d6319bbd,1
0x8fa86218ec14bb207b5ae404c60a836c3d7cbb3a,1
0xe44c8ee0622647d2563a8b2732941772328a751b,1
0xc949fc82a15964fb5b97e5cf8f9ffed139086821,0
0xea6e743d5f1295c4a947fded2b67cc9adc97e70b,0
0x517f36576b8a90ddc6d036f0157531cb5bfb406a,0
0x43d441cbedfb3fcec6ff899c02b3455adb8be835,0
0xc3c028721f854bc75967cbe432fb0e221908baa1,0
0xce5c603c78d047ef43032e96b5b785324f753a4f,0
0xc85195aebdc1ef71bc1624a3d0ac180436f1754a,0
0x069fffc959953c84ce56011322bf2550e37167fe,0
0xb004959e359fc940aec26d6099cd422ceb4dd622,0
0xbab165df9455aa0f2aed1f2565520b91ddadb4c8,0
0x7fcc7ed28c99f64f721be410ad816247925aade8,1
0x43c535f1bb8f3743b5d19b5e3241035db6c40656,0
0x06a6a7af298129e3a2ab396c9c06f91d3c54aba8,0
0xc50fcb7fa2186088bbdc9e61c7ef74273508045b,0
0x1170548c7bf8ff70e4f7d2829b5ac5aa19fe172e,1
0x7996d791995b9f9c15eb4c3e899b09a344c54bdb,0
0xd1b9ef573f0ef3b4646213977d87f66e4171fa61,0
0x995e8e4f271b1b549ac074d26d8b9b5307fe9fa5,1
0x0a4938e03d6f7475b3789cae879f7a0369bc8e45,0
0xcb1d41f5278ffad015419ab6c524751444c35385,1
0x2abe6dbc3d9a3d731db69a23dfc58827c0447cb9,1
0x75738fc16aef19ce08479ae9c7976498dd320be3,1
0xe602b373a6af18f7100357d27ac279541cc79c90,0
0x3b0009071a0a9983e9aab537fd8c9ad478310aeb,1
0x9a43701475898a42760c8b5ab943145055c148c8,0
0xccffdb4bd0abb6fd105c1c4e03b4e919a5b57ab9,1
0x03834852f2889ddf286104bc771371c764be1fc6,0
0x6ef6016727668a89779d43379d7d349c64642a32,0
0x7a0e91c4204355e0a6bbf746dc0b7e32dfefdecf,0
0x9712fa4faf0720b55741dacfe16de3787fa46348,0
0x11cbc781dadaad13fc3a361772c80b1c027820af,1
0x97f8dff1ad346c70f236de97ae6794254894330c,0
0x85f75bd7fcb9f279f386de43f176f53f660a3951,0
0x388cf3c02c034e7fe8ef164a2b414534fc212119,1
0x17ba01ca261a8daca30cd2b4b12c96e62cca359e,0
0xeb17037df15f171163d82c586c5b65ef112924ca,1
0xc1c00d0f79e8c5190c05474312823cca7976d1a0,0
0x52ffb515eceb5927dfec948dca10e5233db8f27f,0
0x559ccded35e1509465cb30ce6555b571f2a5a55f,1
0xc235baed167033536889f02657d3df7d20562b72,0
0xc3ac4f8327750aa96f9fc23a7e311bcb692ebb34,0
0x328bfe90b5d1406516256097d45d88d89a1242f9,0
0xfb5c7aa982ebced4384eec4d5e732a28759ebdf8,1
0x85aa3f04e539e426cbb55c0d584ea99cfe1d96a1,1
0x85ca6710d0f1d511d130f6935edda88acbd921bd,0
0x023c601fc2f0943ff9f2c88f22b23e95c666a174,0
0xe0b9d4146aad6936cbfcbe4dae47e34aab96b093,1
0xc357a046c5c13bb4e6d918a208b8b4a0ab2f2efd,1
0x4c1a8ba7d6fe281ea01b3cd69fcb6d82d5771996,0
0x000000008eb3d0a15fb54e6c00464ab8f55b5f8c,0
0x219b9040eb7d8d8c2e8e84b87ce9ac1c83071980,1
0x0d87ca679a7ab95598b34eb54dafc356b0373388,1
0xcd3e727275bc2f511822dc9a26bd7b0bbf161784,0
0x8aa33a7899fcc8ea5fbe6a608a109c3893a1b8b2,0
0x4b8705b0f740f7b51d746c0f626d06b8cf25814b,1
0x631443c4121ca7b4c90dc79a37b1dce8b79adeec,0
0xcc13fc627effd6e35d2d2706ea3c4d7396c610ea,0
0x9704a9f123a40b8f2687d9353121f1a5aa0276bf,0
0x86d5b3b108dbc56e9e5ea7d5c56a3e32ccadac35,0
0xb228668bc6f79be14f42e5985c1853307550fd27,0
0xa38feb7b0aaad949a1b99ff516d4e3ea2e317bbf,1
0xde7fa34501f5e48befa61acaa9da237d417984aa,0
0x6203188c0dd1a4607614dbc8af409e91ed46def0,1
0x033b4d852356914eba166383d2c9d532b28df9bb,0
0x1e700861dcbc06c9a93fb17e556150e120cb6f8d,0
0xe5d1fab0c5596ef846dcc0958d6d0b20e1ec4498,0
0x292e89d5d5bdab3af2f5838c194c1983f0140b43,1
0xe6d3486a5fe2742e313a3266af8ff4f43e597d27,1
0x02f4a464eebb46a50dd087074d7a2cf3f5a3598b,1
0xdecf7be29f8832e9c2ddf0388c9778b8ba76af43,0
0xcf2d7bb46dc2fb67574ad6959b684ec5b7924c61,0
0x22cff91f77a2ed675f3ab4aee16e15b27f6f275c,1
0x831467b7b6bf9c705dc87899d48b57ee55c8d5cc,1
0x65ca30af89af5a048cc8b715101171fbca6452b5,0
0x465cd6299775dc459a23c80997d2664656be9780,1
0xb447aa90c9aab424dba4c08b251d4b37f61a8392,1
0x0dc04198cd942b55a7d63f5c3891122b6fa277ea,1
0x3863fb40d6e94d33fff464feef9b42e8e130ae6f,0
0x61bb630d3b2e8eda0fc1d50f9f958ec02e3969f6,0
0x016ee7373248a80bde1fd6baa001311d233b3cfa,0
0x9053d234a1ff2290f087a1ca9460e3263121e580,0
0x574f84108a98c575794f75483d801d1d5dc861a5,0
0xafca09726310a2b8e5fca4200f818a5e6bd0cf50,0
0xff488fd296c38a24cccc60b43dd7254810dab64e,0
0x109c4f2ccc82c4d77bde15f306707320294aea3f,1
0xdbba043f22e22705e7183ec2666f1a25f06a7041,0
0x3dddcf24a8cfbc603a213e772ef07f4f44270ba5,1
0x4d0dc9e557818ec07c8465d351870a93dad4e6f9,0
0xa2b0fde6d710e201d0d608e924a484d1a5fed57c,0
0x786b9b1e08689defb60bfc63f9c3c1c4f964d0cf,0
0xae1ff698ce46a7607dde1261e59762125b838626,0
0xf649c39e7efdbac6c9adb65c43e87894fc14aedd,0
0x5653b0a525a73ba2376e7f97e50b96f5f01531cf,1
0x910cbd523d972eb0a6f4cae4618ad62622b39dbf,0
0x00000000175121e210e2a36f3cd9468bad41e660,0
0x488690160a80702e6b8e47c7d62ec2779eb5f240,0
0xc464b4e64b0d99cd2dcfbfa590e90abb9063fab4,0
0xfa7dd705d81e316abacc9312b872ba6e5cfe57d6,0
0xa850e6f693b9bcb31df3ee44e7888ef19e608107,1
0x02b2101903eb6a51518e63e84b785180859fda9d,1
0xfd477bf560e59941796b398cea662b393298abc0,1
0xe1632e7e0dc135f3bc8991b917e8b682ab340fe1,1
0x0683e840ea22b089dafa0bf8c59f1a9690de7c12,0
0x6513878ebe2b7082bdef0038849a6e399f629873,0
0x1d2662efae81adf192a9f8cd5286bed3d3987bbf,0
0xbc87b26bbe741ba6728627ecd858e7643b1dbd8d,0
0x51caa9f9ca0edeeaa302e7d3ba107d442b49c2d1,1
0x766234f5cb5ba16c92958a7141bdea1b4dac4fca,0
0x48a421a2905fd4c021d075ec049d1db2433242e4,1
0x12f208476f64de6e6f933e55069ba9596d818e08,0
0x2eb1cf94db5a4cc2a8d524ea2ca4d8d0bd492250,0
0xfedae5642668f8636a11987ff386bfd215f942ee,0
0xd25185f8c3b9e38c3f014378ce58b362db568352,0
0x4a008b542165fec7ec3343a35ceed6bc4f6b2280,1
0x568f9f32969e29b5ce1a4545be5398e8cc7c4401,0
0xd9204db19a18e051e861576a462c0cf83a2b6237,1
0xef529ac83df3ba8082cd8d30dbdbf6abe0ad7576,0
0x21bceeef718a0928c2cc1f1d980bab5993f837ba,0
0x615ea80bc073dca935fb634ef40cf8b0166bd94a,0
0x5438af8fbeff57ed85afbe02fc46a28e3b4edeac,0
0x0f7f5c74c21f79adcd0f74035b272e8dbc7848b0,0
0xb7c06096b7cf4622ae0da4ebc929649463c8692f,1
0x72430a612adc007c50e3b6946dbb1bb0fd3101d1,0
0xaec98a708810414878c3bcdf46aad31ded4a4557,0
0xb47841728f10f39abad9d799e8f6ba05e30c1b9d,1
0x175e0d5f3757b066a6f0cf7634b45f3085cb490b,1
0x81b6fcd31779c2ab75c6a34f24675551c0da39a2,0
0xe824ec0f8384600f3187967f8b098014e31892f2,1
0xf5ed2dc77f0d1ea7f106ecbd1850e406adc41b51,0
0x416935c684686877e3931fe8d766cafc5b398ebf,0
0xef568ec2c6e0571ed68b4c4bb21c1e305daf8167,0
0x168521b94eb0ca6f9aea34a735c53bcff79abdaf,0
0x4252af67bbd8e20cdeca7e96011ec338833d8213,0
0x354c68f9d5db6e88d7da10477792cac301a1f603,0
0xfb5cdd172bdc206020797a43278fe1bf9bf7496e,1
0x77fd8020284a592bc782ebd05b693d7fe1cc614e,1
0xd38de88687172bde440755b5237987e4a87c23a7,0
0x294308484f47ff5a833a284ac6949eb02728fbe4,1
0xdfeb7df5ecf1e909459d111f611490c9b925a5a7,0
0x57ff288dd9d478b046647a5ab917195449f1f6e5,0
0xa8fa462e08282f48756a672a03d0e10e154ed2af,0
0xb5a5f220a1a09040641e62ab67ae6997e497f0f2,0
0xd84af8766bd29b988f3426cc48cac5a6646f1f90,1
0x9058b302c785e4b136f13c35ddb3e9a2f9bfe4aa,1
0xc94a6e7776bade5da316cf6fd8c751fb0d5c3c5e,1
0xf3dabd468b11e08d9d60e2afd9aa0b41a161564a,0
0xf31619a15518dce0613a514e6672d1f84f6e7fe7,0
0xe33417797d6b8aec9171d0d6516e88002fbe23e7,0
0x5a437d94843541d5cb83221a4a4b253de30b97b7,1
0x7da09eebb6ee366b1b36a34623c9739fa790e02f,0
0xa0b86991c6218b36c1d19d4a2e9eb0ce3606eb48,0
0x2bcc63b260ffe310cb185261c6f410eb30f3b9e3,0
0x2e7570255ac8c449217fb15405fac01f5408d114,0
0xddc46a3b076aec7ab3fc37420a8edd2959764ec4,0
0x7b5bb27e919aa4baee33e262fb6bc04ff88350c0,0
0xd81975505034f9a8c3618faf65e9e9f06a9d698d,0
0x2987252148e34863612ac7f4ef3260de0c2a68f7,0
0x96cd3fa86724f2f15d61b2a7faeb9e6cd0a0a587,0
0xcd5c245a7fe35c5b638ac626ca258d33330d1e75,0
0x2ea41959c75bd4e8c8732f56dfa6c032a9d23cb0,0
0x82b36a7410796a3bd2a0b206abb402b899b0a388,1
0x200c142d18892ce0589e2bd93617a524692ac5e3,0
0x8b2e68075a06959e3e35aa0e451a13e099e41b23,1
0x846a7ef51033b18ea0daaccca0fab60083a84c2b,0
0x3204c3630c75753723e2fcb4d161fb0de8ba5523,0
0x654424f4b3ed6de828c9ca30484dc1a626bb5fba,0
0x957ecf6cbeb0b95a0e602ed0f5d8f7c40d9afe59,0
0x5c8abe1e0b004595c6e945d5adb3cea2debe3cdf,1
0x8762db106b2c2a0bccb3a80d1ed41273552616e8,0
0x29e18b82f99f9f485b2f4f0ad13d343e62a1454c,0
0x62ae810c2209702c1b1725c44107c413c1ab8231,0
0x82902c20c5826984588dcd2dfcc322e05dcc435c,1
0x1ecb25dffce3cd2824b446e2e7e9d3f48b6f9c90,0
0x40569ed020136bc8aab92033536106a90652dcf6,0
0xba6284ca128d72b25f1353fadd06aa145d9095af,1
0x1d6cbd79054b89ade7d840d1640a949ea82b7639,0
0x8e7fc617e87b39bd5fe1767a95afa53d2c79f147,0
0x65c9008aa5dbc0e978f6b083acbd04d9273eb0b3,0
0x8e817690779f4be99253d52601393c03eee8f06e,0
0x42a94ce5dd0f8f645f47cc99b0d779a0f291f482,0
0xd975caab131d730d174ac445dfedf8fc3127dabc,0
0xa7565a3e2d0044b8bc887bc6451f6e70ac551462,0
0xb2290de5670bd461a7379d392d3216bba4e359a7,0
0xea0c348a297084bffbddad7f89216f24a2106e58,0
0x73aa6b881552451eeba7533a1a58b297ed549f3c,0
0x34abcc1fdedb49c953445c11a71e428d719ba8d9,0
0xc0bd65a0b8d5242bd026fc1659c025af29c0e68d,0
0x9fef2919d0eefc22f8853f191bea4a7497a53db7,0
0xce5d7056cf73c6c710b52661bccfbc725342ab40,1
0x50228d83eeb60f31f6e58a0bd608228e9a17fe03,1
0x0da4eb121142879db7cb4bca6693c94154d07339,1
0xe8a76d2f37fe50b6a95d27fb92291fe0b57407d3,0
0x00efd61b0d94ccd82f3922d26efdd3ed9859081a,1
0xde97bea954e1f1a102876df225bbb4f014d0c487,1
0xfd0174784ebce943bdb8832ecdea9fea30e7c7a9,0
0x2fb96a6ca0e940ed219e9386210e6cf299295ffe,0
0x01dd8186b8f38dfa01ea2c044355ea95206a4481,0
0xd81f9b05e409e0ab40f8ec766370b7a7c8a25864,0
0x293b75f71dad33465771d58b584014059455b97b,0
0x50add802bbe45d06ac5d52bf3cdac40f8648cf95,0
0x0487fc87df11933ace3c3dd98e287fd53c2109b4,0
0x64f0d720ce8b97ba44cd002005d2dfa3186c0580,1
0xa83c4a6d0418074655bdbe74fed8435c46c19f66,1
0x4db73e6dcd4065f17ff28515eebb7248ce1a6691,0
0xe861ad00aed0f04b41c675ec1c1493d2ebcbe776,1
0x00e04c3fbb3783fd57eae4037ee1ee02c4d84614,0
0x8156467b1c00db3bf0d47e9d91549da901e8a495,0
0x7998b7fcf30d4aed870635155cc62aa55be96f9a,0
0x2d4b1cc9a2d7417a9689bbcfefb224876cda7923,0
0x2fb77805075f5d3344c281a8c343f968e390c412,0
0xae66d00496aaa25418f829140bb259163c06986e,0
0xbe585e9ae9d7e3277b2541dbac105c4ed540f806,0
0x818b4009865698be07044746c8146c71974b59d9,0
0xd03bdf65354d1935d22409345392fb9fe7bedae5,0
0x6c0fc347aa0c1bfc3037f06ed09ffd8f5de07259,0
0xf61ae328463cd997c7b58e7045cdc613e1cfdb69,0
0x2c54036c505b762b6ca2873dfcfecb632f83fe27,0
0x2880163d22b8742a8736b21ae9f8b7f239a22243,0
0xe667cf33cc993bed290bd97332cc16b06b023172,0
0x5a3d077d05d1c7e146e0ccafdfc91aeeee79e32d,0
0x8172a4bac1e193afbd0e9d8e1900bc7f61041dd8,0
0xdddc5b65208287168bb640e8b303eaaafe2ea95f,1
0xeab52a23b08d141378546fa309f8a4db113c01aa,1
0x8e08579fa4684056f06dc70a2eec3e0438914d6f,1
0xdad636e070baa6d9484eee6a2452557833862c03,0
0x5bf07cedf1296b1c11966832c3e75895ad6e1e2a,0
0x28780241860748e63f4c8d60af58e16bc716772e,0
0x1f239d7e9670515e11e074bc5c90b5350979736a,0
0x983f6d60db79ea8ca4eb9968c6aff8cfa04b3c63,0
0xf11f4e85a37db2571003b5dcfc80552f6b30d1ce,0
0x9a2e3a3c73a9edf5b23c54f2ce61a1f8fdde4a18,0
0x997080b8ee7d75fba23f3ec794df99da646c87ec,0
0xceaefc381e3268ba7f1ec92a7ad637857ee56210,0
0x996c029746a468e75d6392d1d615a3899766c271,0
0xc8bfa179cb75c638cc323ffb6cffb12e4924b070,0
0xafbec4d65bc7b116d85107fd05d912491029bf46,0
0xa358cf2d2cb8a447b45846a4456d6e7c08d2ee7c,1
0x688d0d44f81f2d82c50e0acc674da60fd3d88e3a,0
0x8e93e2451bd578efe3f7b6c95e51b5e6644c0925,0
0xd6fe2734b9b7beb22bb62301d55c287b14c651d5,1
0xc83c368a89ba685df9cbcbc0d00b128b4244cff6,0
0xed9c3a59f2a8c779148ccd94c059f2a97b967ef5,0
0x1d64ea27764164debb4e891eb04d524f42904b08,1
0xb7741854bdb50e086a85722f6e280cd0515b9230,1
0x2cc71c048a804da930e28e93f3211dc03c702995,0
0xf1014a29614b196d19d8ecd5ff05f3cef5efdbe2,1
0x4a4dff5e12c2422261ebf0042ed57b02b5bdc621,0
0x8403f3fd26b781bc4bdbf695dd92ef5a7095cf59,0
0x90b044ba8c5ffcec676103e0ab2fc4ebc73df07c,0
0xf193a9afb00715aacf7ca9ebffafe02c77517c2e,1
0x691c25c461dafc47792b6e4d674fbb637bca1c6f,0
0x4c19596f5aaff459fa38b0f7ed92f11ae6543784,0
0xfae330b196eee5382749fdea7bae9c6ee0632793,0
0x5a36e5a750d0ba0b3b2c7d6c83c1bc0f90fbed0a,1
0x4d55ee29f3806c6feb424ba5948d660586bd51d3,0
0x47b28f365bf4cb38db4b6356864bde7bc4b35129,0
0xdd4aa99077c5e976afc22060eeafbbd1ba34eae9,0
0xbd71b2fb44c9071e3e6f451eb70593ce96c527d9,0
0xfee13bc652c52dde0196e2a82f2faf7ad68c016a,0
0x4f9254c83eb525f9fcf346490bbb3ed28a81c667,0
0xc6edbd2bcd3dd5f13b9afa578458a37a42a53040,0
0xdf5f1c927e639e3448726c269cd112da5f1d4ef3,1
0xec61ae640fba61c7de9d500c0776d3f6567d4ad4,0
0xfa30a0fc2b75d5ec572da0811b6d90a0d1d0fd4a,0
0xa3b69e77840ea3e655eba3822539d498bea72156,0
0x09287b5f9eb273023facd94ab5a61f5af749ecc8,0
0x1620e371378e04c1e5cf83e4f34299bbb4e08c31,0
0x93383e74ee566a0110673628e14ccaa5ea840729,0
0xd55684f4369040c12262949ff78299f2bc9db735,0
0x72521a56ffac9f89667ee1e9e2461b68f22196ef,0
0x21f2404650d04aa895947560b3890773960d77ed,0
0x685f1d93d7dae1f9843a478b90b1701e5d7ebbae,1
0x19080df0360ce52b1068d54e1769182d9cc2b218,1
0xcd3dc4e19418fe7dad216376ff685760685cee13,1
0x58dfcfbd7955a67287eb0e4ba38a233c6f0f8012,0
0xaef2dd253116e83325ea3dd392c46f1322b53659,0
0xce6bc00c19451409a9c8714743c7c8f3f741be92,0
0x52f22a6fcea6f06750e779c8556299b0df248f80,1
0x4711c198e6f04c02413794568990b6a835e8ead9,1
0x02c60d28be3338014fef3fdf50a3218b946c0609,1
0x1e69c3cb4f08aba18bad6da03f5c5441014d4169,0
0xa31108e5bab5494560db34c95492658af239357c,0
0x3fe61e2306999eeaaff2a3ac1d0fada6f566587e,1
0x499121e9367b3c7d52f41315cd8606691b088d26,0
0x5a8f9a2533ba8d11e743455ab338391d56f5ee6b,1
0x0851185501ba44e84fd8af13ade44846f00890b7,0
0x076c5c977938839914dbceae1643858721ba020b,0
0x3267ead61ceb7d16c5ecc2be572ccf0538824e2f,1
0x9fe2903c4e08821f05e5347c71d7d20d7dd8c59c,0
0x3fcb2d173389b7cd8079ef8b439dbd92e7e0ae28,1
0xde1e0ae6101b46520cf66fdc0b1059c5cc3d106c,0
0x486e27d56c0744970687927728598f8b96451cc4,0
0xdff329030357ce6a8844d774302266f9f69f90e6,0
0x1ad4cc63a5869ce41802de6b755d20936d502531,0
0x9dcf430a4c62bb84e6bac2c4a8f54756fb3c1c8f,0
0x395e5461693e0bb5ec78302605030050f69e628d,0
0xa45d88c06a8643fb53f9c9923162403852bf3592,0
0x893be06fad05b895d342f6a70963d20ec3c498b5,0
0xd7b3669c7d3e38ab5a441383d41f25e003e02148,0
0xb7177696646a98a70520c37740d4a7659362f5b3,0
0xca64ea7d78c793a224ba4c82aa39cf17b95827bf,0
0xd7b45e0cdae4c65ef2c7e19152eeb3074e20f98f,0
0x5734576e547d9463cba546b3bddd2bce26ab56de,0
0x275498d1fb7ffb5b521f89b23c84224af9f96ea6,1
0xb1277a882b6ef20db01646bfffac4c5e25f4941e,0
0x19c74d3e235902919cbd4627f6200ec049ccdb0e,0
0xa153a6ef80fb5d60de18688bdc82684d48fc8de1,1
0x750241c16c9fb878a7afd2b07b80f53e02c3f634,1
0x987a4d3edbe363bc351771bb8abdf2a332a19131,0
0xf8417d524b8695bdd7b14291bd8f25df715419f8,0
0xb3e9446e0d08b1124abba9f2e38787adf54373a9,0
0xa27f1c03ff60fa52827ef562ee7fdca3e97e23e1,0
0x5fb29eea20b764b8908fd7477a91314397cd3b9d,0
0x251f752b85a9f7e1b3c42d802715b5d7a8da3165,0
0x9ed3b1520f60d1075c2b9a65ec8a253f9ceb456f,0
0x66b86625ee80b06e94e027e44ea35680a0730233,0
0xc616d99df3bf92e3111090f94694bd662b72ab1d,1
0x9a41b63664fd1bdf52024e8a3998d7c6a3839d62,0
0xb10ba7b334d3bd1b2110ba00bca39696b6df406d,0
0x18bdc736b23ff7294bed9fa988a1443357c7b0ed,0
0xcd6608b1291d4307652592c29bff7d51f1ad83d7,1
0xc4aad17558fa95c8937d0856b2dad74c1a7a095f,0
0x2b42a054fbf2dce1f2683109e6eaa5680b38aedf,0
0x06f65b8cfcb13a9fe37d836fe9708da38ecb29b2,0
0x5a5efce5bdd8dd2aa2b47acf257f12e688e4dbcb,0
0xbc46d9961a3932f7d6b64abfdec80c1816c4b835,0
0x142f9a40fa1c55baac70fc5e4d87555733182484,0
0x3b83cd1a8e516b6eb9f1af992e9354b15a6f9672,0
0x84b9b5f18f952016511a5fe9b26c9d18464c0d02,0
0x4a4f15e5372e2bf4a21ea88f5b264dd1914b730f,0
0xd0ed887125a976b7c12a0dfbc626491b48bcec40,0
0xd2fc0ca8220ecfe767e324fa3085f70cbbf96588,0
0x346c3be6aebebaf5cb766a75adc9827efbb7e41a,0
0x9a41c88972a5e65d7a61aa7cf07cde6898feffeb,0
0xb7c6a0270c7ea1306ad9971148c18caa06e47906,0
0xcc7ecc050aab5843c79f14933e207f032bc16b78,1
0x614bb3976f1f111aca11f4bf018c14b382e3d9a5,0
0xd92d62ce8504e5c61aa17d9a9b13c65dbd77c268,1
0xd1f89108ba9525a11beaf8bdc5058b4946a6c501,0
0x485b224c97ad56dc5b145eafdee71a7b5163f735,1
0x9ca3c6518e67495de4a9eee19b514f0e77b915fa,0
0xdde7188eb7921888f90c7d334fbe5a65c8ac8c65,0
0x4028b9672bfd71ba2fcd97a6c82e06f72eaa14ba,1
0xea06c9cb0d69058468387f283e9a3f61c53e3c21,1
0x930ba3ca7ed61e59f9c1833dcff1866257150443,0
0x23d80b407eb3e4d12d067eb718e290a0219fb355,0
0x007d42b9192b8c087b0d3e6ef73aae48e74b41c1,1
0xc6b5756b2ac3c4c3176ca4b768ae2689ff8b9cee,1
0xc12d1c73ee7dc3615ba4e37e4abfdbddfa38907e,0
0x9062c0a6dbd6108336bcbe4593a3d1ce05512069,0
0x504a7dff5eb2854be0b436da0ac2d3e0b789fe20,0
0xc4575b61286053c0ac362f70cdaa17becd90aacb,0
0x8ad6739649f1fbf079882c14d27862d5c2206660,0
0xba72d00c4cceb47e7d22883cfcaf539f34cd2a3f,0
0xb8d36015ddc669557d424121ce21ba1dcf7a0860,1
0xdacdbaae3947eab88b1dd9d0e331fe65d2c0d9f9,1
0x24fb4c36a83cbdbcd670856406f622e09a643d4d,0
0x4470bb87d77b963a013db939be332f927f2b992e,0
0x0743392132d1a03a902c477e5a176f256ba3220c,0
0xe3c61a3bff7cb03ddd422258006fddd5ba1ed0fe,0
0x51e42087549dd9282362fcbbf328f8e34b27cf66,0
0xa2065164a26ecd3775dcf22510ad1d2daef8bd2a,1
0xda4246bfa88bc6511d4e15106eec6f4edecda37e,1
0x7fd5a19d4d0a7714f9f294c46691d1b298294176,0
0x4ab75468b6f40104c725728ae034e9720255c414,0
0xbe0ce2fd19ac5788d3be91378e7ff918cabf148f,0
0x8c9ae207ee452c1a94e0653e5db1c7b4de7d76c2,1
0xd6f8668e96951e4108a79bc45ccef022544c73b3,1
0x2b22b2c65b185182786f087c1a0035b5ed76bbb7,1
0xba663f63ee6ef36d8778615db2b90679f605d8b4,1
0xa23dfcd7a6a742d892f761496cf3b0b7bc36fe4c,0
0x150b1c50c0a37c58117d9be0bedccc4417301f93,0
0x52e4339b4b9ff254738d6e971e83440f60dc029c,1
0xb0866289e870d2efc282406cf4123df6e5bcb652,0
0xba63c6ed92e35c4fe5537c9e6297a1373b881222,0
0xcb3315a42e76b70d2f3e8e595a5d13855c2e14cc,1
0x00000000fde3b69fecd50c8a4c001678f00011ab,0
0xfabe292d8019bfa02e5fead2c78ef71a1bf35ce8,0
0xbec44ea78be5192f1fae223b9e78894236871e0a,0
0x32df4e3024da3c7f9a901792d82f9d7008b7e490,0
0x05240da139d30034eaae15737610bfbe68b97910,0
0x41a1729dc30ba049adad9471d4da2401fa5b4889,0
0x1ab8c9fc5f3b9ec59216777cc4514ab2a0a96d55,1
0x3a943c50bcde3e357916ce6e109626213fd36105,0
0x9348e71eb8f7efdb17792ba3cf1e3163ea8b78f2,0
0x1bcbc54166f6ba149934870b60506199b6c9db6d,0
0x89212effef6420a9011f062a2673cf44ef413bb2,0
0x12aa78f89513f3218651db21aa170347037f0c20,0
0x3a773baa30d09f04da0bd869b142ea5503a31022,0
0xbd1e1ea13de6f320e89f33a7076b29d1a00506d8,1
0xb507ebc4c6b65a11502fe5f20f8ceebc7e155fb4,1
0x74f536cbcfb9cae062135384bfa2cd5de2f8a447,0
0x5520ebfe30806052125d30e66897f6ac3603c2b7,0
0x543ff227f64aa17ea132bf9886cab5db55dcaddf,0
0x8e911d478da4f4ddc3a6dd76b3fcdd69ebbcf338,0
0x9727be2e5eacce162fae9236a2c7b6cd826fac02,0
0x09f7e85973c81f8df7668a3c187f6b1bed71a1b7,0
0x56f972d38807b89bfe4b636968f9194981ed6ed6,0
0xb96eb33e4a1a9ea3b8581abc8185f9597e45e8aa,0
0x3ab935652f69c73f023317140402daf77cab278a,0
0xb81103247253228885196b770d7b01be9b4e2532,0
0xf31b4f7550833a746f788b36f2b292e5fa49a248,1
0xc71a7ecd96fef6e34a5c296bee9533f1deb0e3c1,0
0xd2e16a20dd7b1ae54fb0312209784478d069c7b0,0
0xadd375ffb70902bacfafc7f4fb92f05650caf537,1
0x3b72358e3b630f03b904380a76248a49805137d8,1
0x5f5729010c873232f0ef6a68dca7455cc11de0e2,1
0x552205eaccb3cca3b6518c6c7597c41f782e1cb3,0
0x4398a4a10347d8f18029c07853a7a689eebbb925,1
0x8652e64f09a8758284994d701b67fa29e7439fd4,0
0x12e4303bc6ad8ddb4e3edb3d632f3533261878e0,0
0x6afd9628ef194f2365f6de9c8cee8938dfd936ed,0
0xf84cc6a51c8c4bb5f2722a2ee7616bd168f45255,0
0x422f8015c5d8168edee923749701360a8a4d0703,1
0x0ab346a16cea1b1363b20430c414eab7bc179324,0
0x7c3497affb16bc04da611465a80d20d98b4563f6,0
0x0bdd81d2a676166f2a28691e8af64ebeeca67fae,1
0x0414d8c87b271266a5864329fb4932bbe19c0c49,1
0x3d51794b9f6aa2b21ac5840b05f86bbb785d9f39,0
0x029b0c90db9a97aab252da5b292b6061d397fa95,0
0x13d0f60b2aaaccbab97551219b16bc41dac84c5a,1
0x3b877da6b988f39a2ad9dcf33e052c7ce672d53e,0
0xa2c4e011ef42a4eb5dc931a88797560bcb83aefe,1
0x3219a16f204861b73a41805149489dcc5ee55969,0
0x3d67d0f59db5e610ad9b152639f1123ae7492d6d,0
0x9d15446ce244f83910ea2426601d14412f40a966,0
0x871ae94d2375f7a0d2fa584d0201c67ed2d35103,1
0xa1c20243f06a0f447f9e537d806e4904888f1243,0
0x1caf0d0384acec96b9d4c43afa5400c1e08c22d4,0
0xb9aac097f4dadcd6f06761eb470346415ef28d5a,0
0x5f0281910af44bfb5fc7e86a404d0304b0e042f1,0
0xa5978a61a90ae7217c60c7b275343ce244a053cc,1
0x977baa429b27fe86689274a6bf0dfcfc5d6f1c12,0
0xdbcdabec9cdc6c9ab604d5cf36d511c123f2954e,0
0x514bc174df04a4b04ae2be81ee8c788c3796b06b,0
0xad7258d0054c03112a4f5489a4b24ec34a2fc787,0
0x42265e06267d5857ce0d28094a122f453ee66d37,1
0x77e3cbb74f338da27c619d06a58c92080a91b103,0
0x4cf488387f035ff08c371515562cba712f9015d4,0
0xc6b3136dabeed22a06ece83dc3e8d638a735c843,1
0xe923dd860176d3ef69d7852257cc773900807f7c,1
0xa77db707916adeff81042ca57656931ccd8f428e,1
0x5e5d6f6706420f932d796c0f28a83b26dabcfd8d,1
0xf65c7560d6ce320cc3a16a07f1f65aab66396b9e,0
0x578f3c8454f316293dbd31d8c7806050f3b3e2d8,0
0xd6362516c7d7934fa2dcec4be8fd4fca79e98bc5,0
0x62202691232bac5fbf101b6f88713f44fad939ae,0
0xcfc60841bb8a64446771704159a1130a526d4b86,0
0xc628050cc70d761fa62b8af7d1ef4ca883c2fd3b,0
0x61ec1a25f763eef9823773c7bdb9d7c644fb3503,0
0x98bfe90ccd9d627f882e40bab73b9a9f923639a4,0
0x27d0fe413227717ac790f9bf310e39069bc6397a,0
0xe1635d178fa38a57883bc67bb6e4d61ae2f6f932,0
0x2e43ebafe93b726e5b87916d00ea3827da897257,1
0xebbcdc146b536557782acb9f7869627ad92fb5aa,0
0xa26b0a2fc7702ac3cdd4d578df7ef87ecf17908e,1
0xd14b307a8a9f5dae852216d7860a6e302a533b2f,1
0x53d5d15edbdc9a80384a22d4e7b9e734d39798e2,0
0x4c880deb2e600eb26e8ab49803fe43e2a93198a6,0
0x5019066b46ae4b8673085b609be366400f53871b,0
0xf348717cfff01edc759a4e0cb198f6360975ee39,0
0x68043c3eae66ac1c28341867491e615412fc84fd,0
0xe4182e57eeb29fbc2b3469e45c9e385cea8995ab,1
0xd5b32a25bb674a3fdd5faa0549276e6d192982cf,1
0x8e9c3d1f30904e91764b7b8bbfda3a429b886874,0
0x2d56d1904bb750675c0a55ca7339f971f48d9dda,0
0x0f4a3f5d838211e9658d6f9bff5b177a090b9876,0
0xca075cf7496d7fee464ceb98ccfbd3b6408bdf63,0
0x90818f3cfd5a1692183785daf1cd20c95a86ba3e,0
0x2d2b7929731c926f8ce373a78863080e9ad53356,0
0x911d71eed45dbc20059004f8476fe149105bf1dc,0
0x2ad55649e384646267ab89bf952934df4b685e61,0
0x43bbc7fafb860d974037b8f7dd06b6f6fe799b3e,1
0x11614c5f1eb215ecffe657da56d3dd12df395dc8,0
0xf1475d6e216e56e3f8310a1a92d5931aa158f3b4,0
0x445b774c012c5418d6d885f6cbfeb049a7fe6558,0
0xfa8879b2da0ff9ddcfd6265d9f81e5710847f08f,1
0x352f1dd3ac41bae74e307b1f188b5ced72d6ebc8,0
0x30b7779345f5e60e2ed2fe5ffdea218f097c0a50,0
0x4f8ec7ce7480d4f5210278a0729f17f94d2c50a7,0
0xe989ed188ce705b6f6aeb40ddbb9acbac2d4622f,0
0xa6446d655a0c34bc4f05042ee88170d056cbaf45,0
0xc91c786929e86189ce1b4ab5a4ed9d892b8303d9,0
0x06f3c1f0d8a444e22f6e7013f318b39cb6f82529,0
0x5e04d8a9a9f26bece8f8056bc7f6c11ed9d817cb,0
0xf8559183ef711b4f42873d96ed66bcad29f13e11,0
0x2c3a2558e9b91e893e53bce94de3457a29f6b262,0
0x8ba9512714fd69be49883e755cfb82ec46c6bd11,1
0x7acfe5f889393d142cd32b4470fe3723f4d446f5,0
0xe50e8c9444ef0105752de91c62d78b0a6c6b984a,0
0x9cb9eb4bb7800bdbb017be2a4ffbeccb67454ea9,0
0x54a5a5b0b9e9fb93511cf784669255629205609a,0
0xa6fbe7781932a28eeae7c9cacf939b73d721081e,0
0x4ffb1a40b7ab0b9837a03ebebe2bf400ea392edc,0
0x336213e1ddfc69f4701fc3f86f4ef4a160c1159d,0
0x1de23f02e185fdc4f6bacc98d6c6419370e38538,1
0x28eec9c792b7c68d225f2e8c12ba3c3d0183b368,0
0xc31db08240a11df6a4c159ff4e6d69f484fc3828,0
0x13afabf464f7d3e6c7cf0e685181d9da3935e01e,1
0xc97ddc36e15e4c98d5c19245110391eb9c97ef4f,1
0x8eee81d817c9548615d69c485074b55df487ab95,0
0x28c6a58c2a5d8c5f6681e07bfa0ada4bea14c9ee,0
0xdce94f49e659bd1335213a6e1c54d6cd171f97dd,0
0xfea61dbc3b9882efcd139a5e28b32234b9c76aea,1
0x2309ec057db80fbacfd57cf7e275b096f65d1e75,1
0x8342228044fd5dc6fcf6b1c9a466da83dea28ae1,0
0x68234269045d9b0549848086a5e06f8918d3ee77,0
0x19e6ca4150156c3a5281bb7f5bd8574618865c22,0
0xfb6e71e0800bccc0db8a9cf326fe3213ca1a0ea0,1
0x3fba515fa034e3b21641d934b148a47c51c493ee,0
0x351db37eb42e335a5007d3e6ac1afabb66d944c5,0
0x5789e2b5460cae9329d93a78511e2ac49f98a1f6,0
0x9005479cc7efb7729476f0f6e916dc3af920d164,0
0xa94be64ce43e5bf1fc2a1b0433bf35aa2f09a187,0
0xa9e4e3b1da2462752aea980698c335e70e9ab26c,1
0x22d8432cc7aa4f8712a655fc4cdfb1baec29fca9,0
0xaae090bb72ff98757d56d51220c0456aecf96c64,0
0x510467f65a600926af2ed565419ad98cf1f706ed,0
0xf536757e2eb6f976b7f7eb386c648bdce07bf576,0
0xa279111bac7ea963b0ee35a562304fb59c97807b,0
0x029d0650c81817afb1810ae10270823318321878,1
0xc6c5814fada23b09eda0c60b69ad246281547717,0
0x0f3f96ec4b05af3303b731bb3471731d5742e858,0
0x84afe7390a3a19ac14352fe7b580d7b3ed008eb2,0
0x1c0e294310091654beac3d191089d3c376be123f,1
0x4d728a4496e4de35f218d5a214366bde3a62b51c,0
0x92e1507f5bbe62895a745787df17ed5eec03ae67,0
0x50a0ea5c75a7503866493807527a421d4e830ec0,0
0x85ed0aa9e6f025401de93078c17dd83f4691e38e,0
0xe73edd11d37bbf04ab598f8ce9ce260179feef0a,0
0xa833b2129cab0a743972cd61ab019a59c2069b3f,0
0x22981f4f8424fb633973f3e26540df830bd7b4f2,1
0xb24a2ede0d30a47f192b480f50f3b332816f452c,0
0x7475e268b2f72f7974cac38d45011c277daf5d90,0
0x7de3e919d1d7e5f1b1b27bdb3575b65c5874a5f6,0
0x6a31c5982c5bc5533432913cf06a66b6d3333a95,0
0x37b53b46fa74ac3f9b4340dc5a39aabb0f2afa33,1
0x876359dcb1745073909cc810311ec3f119e8d5e8,0
0xa1c4d403ad39ab741626ce509eb80e3706b15d8d,0
0x7f30f5955b7605b96421e7c170edbbc45b373cd9,1
0x1234567461d3f8db7496581774bd869c83d51c93,0
0x5652fb0e62f6ddb958cac8ff48b62c9c8f96701a,0
0x36c60c1cc2818ccb9ea5a1b87c0b309196d2d867,0
0x529dd944addb28489ce64e4cd2b2804d0a61d64c,0
0x92e5a4b202f57b3634d6352fbabba9cf2908a14a,0
0xd1f23b835bc6b21a0519f5be60de66745697da9e,0
0xd086d846758613f3640b9396e759cdb92f5e7592,1
0x162d558ac8f3b8aba5f549066ac81df4ddc912a2,0
0xcdbb26e0f7f5c34d160d8a69ca680471bb35e293,0
0x0aabebdabc7640410af5d901d4e460f174a4c946,1
0x084da5a9c0e3f086532b98d8568432349b89d9df,0
0xb6fd124ca6eceb00b747947a065f31392eec4572,1
0x50fbe8a6e0deed2dfa7821644353de11a6e874e4,0
0x1926a3254d6bb48f983d1890a993d618d1b6c9cf,0
0x51bc0deaf7bbe82bc9006b0c3531668a4206d27f,0
0x9e4563609f3315480821433c14f0e94e2f4fbb28,1
0x34b19046c6657d26b0c9b63d3fb54c2754ed4537,0
0x4a500bf6818ba31bb2b1dc90a354ab64ad3301dd,1
0xc709878167ed069aea15fd0bd4e9758ceb4da193,1
0xf689bb4b063683a9ffd7a9295106f1e47c095809,1
0x7d4bf678252c1c85aa46e032bf70e76439ee1708,1
0x76175599887730786bda1545d0d7ace8737febb1,1
0x2fbe1f33fcf7ee032ccbaea55337e8aa89efa44c,0
0x465021f80c7ce7560d14c5bb3f96946ec7d27870,0
0x5ab2a0615911983cd59fc5e7f1a261df4a32cbc7,0
0xece4d2652f2b52241335649442c4f93911d27f3e,0
0x859abcd02364500b760634068d7a25422d6b1551,0
0xcc1a2d0e9cf1406cdb988e0556aa864b0a1ccc00,0
0xc75dca81f8688ab022e9ee902fb9fe430517239c,0
0x21a3fdbc4e9201e85ddd58b7b320ea5aa581fcd6,0
0xf831feec75725f1ec02e5480a2fddbdd8defce75,0
0x6560c60f55c165e6f819b3a52c13f9f1aa22b502,0
0x57102a8c0ccf999a176a8f787606319a52a4189b,0
0x77727ef417696f95a10652cf2d02d6421dda5048,0
0x103992432927f7ed1a5b3dc0e34186f80b16d93c,0
0x7559d3b25f8ee3e11b73ea0827caf1b2d3d33021,0
0x39246080d8522b0780aff6da1733a21d7d6ff1ef,0
0x1a98c59d5498324fa3ce5ff93c5a3ffb985160b8,1
0xe7860fd151cbbad28141dfd4cc7cd6d090e4ead8,1
0xfcbdc2443c21ed1279410a3ae8963789f09a7bf2,0
0x2244af1453e6c4a0c9165f8e5fbdded131ad35d6,1
0x485c4ec93d18ebd16623d455567886475ae28d04,0
0x572d03fd45e85d5ca0bcd3679c99000d23a6b8f1,0
0x19f12c947d25ff8a3b748829d8001ca09a28d46d,0
0xc8c424b91d8ce0137bab4b832b7f7d154156ba6c,0
0x866900d67579509c73430d4745039dc1486109d4,0
0x142eba6cd4e1977fba4a440c882ee460654d1766,0
0x48f2a1ace132e00757bb72c872059e2597b2f5c5,0
0x4d1e73bc5fb4e96d7ab9eef751a265485562f4c9,0
0xa7b87611a9577cb8ad3f9b1e85e7884933603405,0
0xce45ee65ca2d3c8854190f87d21dea92c72cb233,0
0xfd7107eec2f21f69d75d0d7479a7ff9de477e5c9,1
0xebcd512f57c32c879dd6a09552d2af53349b423b,1
0x29b0da86e484e1c0029b56e817912d778ac0ec69,0
0x8105ed8a3be363e32c91a0904cd59e0f843d7123,1
0x7b533e19de8c1a2594e0d170c4131aba2d7ba39d,1
0x809e3b9d5bbbfcf106afac4658d72d72c32e4100,0
0xeb90dca0adfabfe9571012bc1f6cecd663098962,0
0xe520035ae79e2cda8b9c1983fe810ea57bf5ccbc,1
0x8a3d77e9d6968b780564936d15b09805827c21fa,0
0x5624a41b818e4e7da13dd164f848ede66b197647,0
0x1528e24fb07dfb80e5144d2f479df10c9d26088f,0
0xf9b19663188c8c91d61d0116904605ba8a1452fa,0
0x4e5597ffd2e7f1418c3f6f31f9b714735a7b53f8,0
0xb978a5f4854274bc5196bc2a4633863cb3a0a6b7,0
0x3c33f0c836d22b513aebd7c9d2e4cd32a2c09416,0
0xac9e0035dc040671e5646dc9b8896d7d78c48f85,0
0xfcdd6d4f2cfb7cea900c4a57282cffcf3e41e068,0
0x405e237a19ab1e97687b6280618e2d2d88759bef,0
0x2b10e1970ba95c27c6fe3d496dd5d624a1e68d56,0
0x71d43ccc1e7510f84804749acf1c3fcb6fc415f3,0
0x89abe09fd87559ea272df627e38156705304bd80,0
0xfa849a1c5fc35a2c8d37f5ee690aea80496508c9,0
0xc54612496d533e91e1a23766f93fb272e7c48358,0
0xb0dfb2df1b29b304c59e92e8f8bff329b9d20f62,0
0x038cf0fe8b400538211b0cdc2dbf4e9a8a36bda4,0
0x0a931fd77b38d9319cdec23bf3a90c6c5d34962c,0
0xe1a0ce8b94c6a5e4791401086763d7bd0a6c18f5,1
0x3b82941797826cbe845e5092c916a15295905d0f,0
0x9f46d4faf6158c90b48b8d731faf1be0e8eea78e,0
0x65430ce5c77dd3ef0551f12be20b92567854af6b,0
0xe36df5bb57e80629cfc28a31e5f794071c085eca,0
0xb855e1efbd428b2253ed65c3c830bc55254e48c0,0
0xcb20b0c259370327789ff08ef304ffdc5b8b72e2,0
0x2b789d8b08608302b108f8cb466e8b49db8525a3,0
0x41e6c4e845aedfa895c331d731a68e185204fbbd,0
0xab8b8adda5a07976ac696034ea2cd83156ccbd84,0
0xc84a76aa31e6c3fb4204e9253cc413b70697c9de,0
0xf767fca8e65d03fe16d4e38810f5e5376c3372a8,1
0xec3ecbab1484cf3d7b0f87d999d2ca436d2cec37,0
0x65cf9ee22e2a099f86d0b520a617540c87cb2792,0
0x025abad9e518516fdaafbdcdb9701b37fb7ef0fa,0
0x7ffe4e2883754f334c542968cf7ce8aaea47f3f0,0
0x74b0ac3e83b78a8e3c3e4ea82193f72bc0c6392b,0
0x67ae39a2ee91d7258a86cd901b17527e19e493b3,0
0xcde98f7fcaaf6d2d3c30ed41e32d40f91aecdb96,1
0x815a46107e5ee2291a76274dc879ce947a3f0850,0
0xd7e51e35a04db7d9cd28026f281a93134348190b,1
0xbce5be399cd366ad4fddd95892cdfcfa400e8042,0
0x5378ae149e06a6a6367e1e65332e4680dde53e07,0
0xac419475d735b532abc77059542cbf01c2ed7bd6,0
0x28062b1e341383382a6f6afe1e4c28b287013ab6,0
0x4599836c212cd988eaccc54c820ee9261cdaac71,0
0xa0acbbc2693cd385c468af28b1fb795c7cf2357c,0
0x3c0470b476aa3bf615bc828a6b2006aabab440da,1
0xe9e837881c89e943c4c66e26031922bf8fc3f4f3,1
0x67237b0294f78ebd5a2ba97fa7179d248df00401,0
0x7568b9ece8966ae20e7f5edf90bcd6b77c2a47ca,0
0xf245e09a1b42f847b120558f0c6e08f821be23f7,1
0x5994d07decd5126903df2616439c1ed501b9d5a4,0
0x4c695286debc393c038dd9fdb4b01729daaa1d93,0
0x17df117bb806a622d841bd5166a23b5d8746232f,0
0x9c0d525e8656098b96e7787aa7e9cdb33c2d892b,0
0x2dc588af5eff094401b1f8016e74e7d46d9e7a31,0
0xd235e29b1dd177cd74f2955d081204a6cd04515e,0
0x7a1458f33122080819a2483f2a16034cd8cb0b95,0
0xd6014ea05bde904448b743833ddf07c3c7837481,0
0x6d002a834480367fb1a1dc5f47e82fde39ec2c42,0
0xabeeb06752a6da54773f00508baabb1c279f32d2,0
0x1ab1511fed6c6a387d9adb9c5e60e4fb85f69c72,0
0x2f7a287a6f7ecf9cdde95426acbcee07c5b2b917,0
0xec4cb1148ec60e00a6bfcfce4482db724db6bdde,1
0x07d1fafd0040db51f3fd3a59258132ddce83cd7b,0
0x64cdf819d3e75ac8ec217b3496d7ce167be42e80,0
0x9d5bdaa9d82782c03402dd5c675ae3e45b3102e2,1
0xa6baaed2053058a3c8f11e0c7a9716304454b09e,0
0xd00736f864ecd5bef5996c735f98769ae0d10c7c,1
0x8b5db76d7a162d72bf11c7f9ad355b95e2be62e2,0
0x402db7bc77c259ce3fe639b1d5c6cd94eb35547c,1
0x1c42086ac06a976d0b347b86320b86fe7859f8af,0
0x0090aed150056316e37fe6dfa10dc63e79d173b6,0
0x29d9ede1d2fac6fe3b19d6005a81540d094665a5,0
0xb529964f86fbf99a6aa67f72a27e59fa3fa4feac,0
0xdef05b512d405f4fb930e252c6c11f054832c93b,1
0xc1235e853325cebfadb6e7601234ad613206dd89,0
0xbf91b27fec3146a1b36069f92337a0ea330725df,1
0xfe33ae95a9f0da8a845af33516edc240dcd711d6,0
0xe9ab68e4aa12bf290529626e5f32725cf5abfba8,1
0xc6b13d41866cba306fe9ddfafd580ac8d92bfb75,0
0xeb4c2781e4eba804ce9a9803c67d0893436bb27d,0
0x63fd2671b305b046e5d2e9ef0bc6312064d761f3,0
0xdcd40c41e9c57cbc121b29be8d3aed0447deaf0b,0
0x4a90fbd0f7339e7583d474b29324cea8267f90b6,0
0xe3dad47bd78b1ff1f3036dbd804b8d83f92cfa0a,0
0x8a630b2d1e25f1ad066feaa090f5bdb63a1451cc,0
0x3fb85fdc54bd2d607c99b6e50d0331af9fccdca0,0
0x8276849eeb924f677567325d4c36b75ccde918ee,0
0x49dd6d0b21c1156e90b9934a9f2c5f427add5fb6,1
0x1eda70885560eb299423b9239bd7133994fcb78f,0
0x6f582e2bb19ac31d4b1e6edd0c2efeabd700f808,0
0xb1d58bad78f33892719cdeba218f8641a71a3f05,1
0xdf04e5007cb8fd65831310ceda40f5642c1b39c3,1
0x38efe74726e5a62ab5ca8ba95c702865efc78d6d,0
0xef20505c8b343d12da174bf9d8495c1ce2670989,1
0x1e61c10f3afd2ec2f4b38e9f1346a6861e1d586d,0
0x198376f921570e3cc547fd5c16e482cded8b4d1d,1
0xf6abff616043c2da572573dcc583b656297b30e7,0
0xcdf9baff52117711b33210ade38f1180cfc003ed,0
0xa5b254aea2e59ab3ce3bec470fe1882403c41be0,1
0x2e61c63e045a978b51c6517c79c2592fcfbc82cd,0
0x3526cf7d12c95b11a680678cc1f705cba667578d,0
0x75088a29163dae5687b08b99d9d2f04ebc4f9a04,0
0x86e9865bcf72a73db8f3868723926ef77bcba51c,0
0xe82719202e5965cf5d9b6673b7503a3b92de20be,1
0x1c5ee1ffebec5f3e1686e8e59d43f96a3c702b7f,1
0x3c563651318b6b2cf555207a1e611bb577fff446,0
0xa4ff5ce0556f9ff0797ae525ec5ba9b723878a3e,0
0x2d358778da80081cd7f5865c5b7c49f45ebaa7cb,0
0x6032d639e634e788fce323b316e06d18194f99a8,1
0xedc702ed96accae315a0f1e8fa2d5a6bc4feea69,1
0x58959e0c71080434f237bd42d07cd84b74cef438,0
0xd4e5a29686bd97341ca21bbc08e6bc43c7655194,0
0xdcf59ee4803931a376a0fb6244036e49ebc7dd61,0
0x65136f4684d6eada6682e684a97d6bf198dc04a5,1
0xeec2cb0a3882788430429671663b9d83d89d7ae8,0
0x77dbd46264dc9d5d4283c4e3616715195691c4ee,0
0x1603557c3f7197df2ecded659ad04fa72b1e1114,0
0x4fac33dabfd83d160717dfee4175d9caaa249ca5,0
0x1dc5b8ccbe7a3669ed59dcd3b3d5afa0fed4ee57,0
0xd30786b3f504ca00910fddf7ea8025bf3dfddfd1,0
0x5f3c307905bacb2924b57117e9d2342271d74722,0
0x5f856630adbc27c0f5bc1de1961d4f0fb1805a29,1
0xa0ffc741f109159ee203424a299e6d2731dcfc76,1
0xc83487fb4abbe7273d7e55561a0c1f91fe9b222f,0
0xf6ececfa69042b24b1a290fa14fc140d110fa8ee,0
0x3a9d8ce5b707de41ce560fadff01f62362c9604a,0
0x8d6e79f25302dee4caaf9187fb1434c4a1465c3a,0
0xb4e348c10b8f1dcf2b5bc524f1f2ab912fde4048,0
0x69640f28b6fe4ae4674efdbe21aa15d048bb914b,0
0x8169dd1b69b82ea7f8daff6992eaffa259c9c66d,0
0x00000000001e980d286be7f5f978f4cc33128202,0
0xc3e2de0b661cf58f66bde8e896905399ded58af5,0
0x5fa9bfb614bfcdce2c1138062a559fe8b3a7ead5,0
0x09cc69f6b484cada8e152d2002adfca496d723f3,1
0x839c52cb18b02f2af31ad50070d6a9ea71afdf79,0
0x2fe0bc5ffb80a84739da913f0a393a4b0cce661b,0
0xd4972f69d1b827758baec9ac9e0604341d3370f8,1
0x911a158850e34e5ffaa2431a28a159db5730e67a,0
0xccb3a8d6d5f78c3fec21088db01964706e9ebe6e,0
0x559e848a1b6a7afc69ee27f8d20280a42628b2cf,0
0x1c94f41ab9cd8faa8af45ae7827bf5a8f891f4cd,0
0x7f4b2a690605a7cbb66f7aa6885ebd906a5e2e9e,0
0xa6230691b2b1cff2f9737ccfa3ff95d580e482a0,1
0x40e354c9bc6d9e45fe672072ee2168e0abdc8b98,0
0x13b5ccb409a48e15368bf21716dc1f29906b92fd,0
0x0082f8addb9c0d6cc27783d41198300b4cd2e19b,0
0x9bc018c9e3e75afcb826320338927973839d0528,0
0x9a2e9235f7a7ac7b899e5f3208fbb13c6985171a,1
0x4b205ad9e4a2669cf9428c1a5f72ca17976f0167,0
0xba77007e5745f7e6f80f78904c7628e30909f828,0
0x08ddf9befbd9d9b5a6caab525ecf8c8cca0b9840,0
0x125afed1eb0e75c20d919f875f0c952311a8af40,1
0x62191e09fa1f0ebcad7e10dab011c2393d7315aa,0
0x14fbca95be7e99c15cc2996c6c9d841e54b79425,0
0x57cf784d73a50e331fda6aaf8af141f64150df6a,0
0xb22c1c159d12461ea124b0deb4b5b93020e6ad16,0
0x30b4d6e27c7930cc79cc6e130151cc177daca745,0
0xb64ff7a4a33acdf48d97dab0d764afd0f6176882,0
0xa259e6bcade86c770cb5214c789ee107662831a6,1
0x6be4e8a44c9d22f39db262cf1a54c1172da3b864,0
0x996566c678c20f94e352301ce70c0797d81462a2,1
0x22141343a20640daaf695226b2233baeef0f0d62,0
0x4d9f1714363d4cbddfec9b8f8469df594b2368d5,1
0x4865e85c72a27ca6c362da75ba6707c07464b953,1
0xe4b22d484958e582098a98229a24e8a43801b674,0
0xb9625381f086e7b8512e4825f6af1117e9c84d43,0
0x83c7f15fbf521c79da630a61c6c753adf28a375c,0
0x9a204ee88decc65dc126e67b9a900776c40cb395,0
0x0c41f4e6339e9c8635062f39d976789dbd832b09,0
0x92c5387ace61f5c505bf2c2d4c84120f0a813d4b,0
0x9492363c567f654f18c63a54ae478b258ecc1b28,0
0xb671c3883307cf05bb3dff77a9754e87b4347195,0
0x455dedacbe41c178953119847f2b95e2d9ad0a1d,1
0x05b884c671c0bf558b7cc4dcd451c389db5ea4f4,0
0x34bb6cf517abb83bfd8bc4e41ed899810ac49b58,1
0x33098a5e8f5e932831434748cdad425487b9aaf1,0
0x7788d759f21f53533051a9ae657fa05a1e068fc6,0
0x9f5a3d70d62379328c9440f19c097f1341b77093,0
0x956729a9e9b2ff42a30c8bd8fbe380b2c714825b,1
0x517bd58eabe81d8ac93129427f89babf64763df2,0
0x5e84c1a6e8b7cd42041004de5cd911d537c5c007,1
0x068d8c19cf10bc4a69f6c4a9ae9a48f6e251f3ed,0
0xae3a6d3f9cf372aa63a9b5d2388b3f0ef18e49ed,0
0x43fcede3571c10aca1d3c12339bf01423b118e81,0
0x0daea70a07883ddc4a0d9ecf7bcf550f92e9cda6,0
0xcd4866da2ec196ccfe70b63342e21474a3872fce,0
0xc01610abd718462d9e44488eeb212d912d136ed8,0
0x44f946f93272322341eeb42977b0b0ed090c8f9c,0
